ID,StreetNum,StrName,Area,Rooms,FullBath,HalfBath,Floors,Zip,SoldPrice,ListPrice,MT,BedRoomsBsmt,BedRooms,GarageSpaces,ClosedDate,GarageType,BsmtBath,AbvGrdSF,BsmntSF,Style,LotDims,LotSize,,,,,,,
1,111,Spruce,11,10,3,0,2,60000,879000,879000,1,0,3,2,10/10/2018,Attached,Yes,0,,Cape Cod,110X145X82X173,15950,,,,,,,
2,112,Harrison,11,7,2,0,1.5,60000,370000,379000,1,0,3,2,10/11/2018,Detached,No,0,,Other,0.32,13939.2,,,,,,,
3,113,Polo,11,11,3,0,2,60000,1050000,1050000,1,0,5,2,10/12/2018,Detached,No,0,,Cape Cod,80 X 150,12000,,,,,,,
4,114,Wilson,11,4,2,1,2,60000,910000,910000,1,0,3,2,10/13/2018,Attached,No,0,,Other,5903,5903,,,,,,,
5,115,Walnut,11,8,2,0,1,60000,419000,419000,3,1,3,1,10/14/2018,Attached,Yes,0,,Ranch,50X134,6700,,,,,,,
6,116,Castle,11,8,3,0,1.5,60000,520000,529000,3,0,4,2,10/15/2018,Attached,Yes,0,,Tri-Level,81X134X163X81,10854,,,,,,,
7,117,Alexis,11,7,2,0,1.5,60000,290000,294900,4,0,3,1.5,10/16/2018,Attached,Yes,1300,,Tri-Level,67X29X131X123,1943,,,,,,,
8,118,Bel Air,11,8,2,0,1,60000,495000,495000,4,0,4,2,10/17/2018,Detached,No,0,,Ranch,9031SQFT,9031,,,,,,,
9,119,Meadow,11,11,4,0,2,60000,1100000,1095000,4,0,5,3,10/18/2018,Attached,Yes,0,,Other,100X133,13300,,,,,,,
10,120,Joanne,11,9,2,1,1,60000,543400,560000,5,0,4,2,10/19/2018,Attached,No,2498,850,Ranch,77X132,10164,,,,,,,
11,121,ALDER,11,9,2,1,1.5,60000,669000,679000,5,0,3,2,10/20/2018,Attached,No,0,,Tri-Level,182 X 79 X 159 X 94,14378,,,,,,,
12,122,Garden,11,8,2,0,2,60000,275000,335000,5,0,4,1,10/21/2018,Attached,No,0,,Cape Cod,126X116,14616,,,,,,,
13,123,Springdale,11,8,2,1,1,60000,350000,340000,5,0,4,2,10/22/2018,Attached,No,2100,500,Ranch,95 X 115,10925,,,,,,,
14,124,Basswood,11,11,2,1,1.5,60000,745000,699000,6,0,4,2,10/23/2018,Attached,No,4143,1099,Other,"10,028","10,028",,,,,,,
15,125,Harms,11,12,3,0,1,60000,425000,449000,6,0,4,2,10/24/2018,Attached,No,2443,,Ranch,75 X 170,12750,,,,,,,
16,126,Bel Air,11,9,1,1,1,60000,270000,289000,6,1,3,2.5,10/25/2018,Detached,No,0,,Ranch,66 X 134 X 66 X 137,8844,,,,,,,
17,127,Maple Leaf,11,8,2,1,1.5,60000,460000,469000,7,0,3,2,10/26/2018,Attached,No,0,,Tri-Level,132 X 69 +31 X 137.96 X,9108,,,,,,,
18,128,Glen Oak,11,7,2,1,1,60000,585000,590000,7,0,3,2,10/27/2018,Attached,No,0,,Ranch,157X163X121X64,25591,,,,,,,
19,129,Fontana,11,7,2,0,1.5,60000,300000,299000,8,0,3,0,10/28/2018,None,Yes,0,,Other,61' X 163',9943,,,,,,,
20,130,Springdale,11,9,2,1,2,60000,646000,674000,8,0,5,2.5,10/29/2018,Attached,No,0,,Other,151.21X151.18X76.30X72.56,22859.9278,,,,,,,
21,131,Swainwood,11,10,3,0,2,60000,754000,774900,8,0,4,2,10/30/2018,Attached,No,0,,Other,25'X117'X101'X135',2925,,,,,,,
22,132,Juniper,11,7,2,0,2,60000,425000,435000,8,0,3,2,10/31/2018,Detached,Yes,0,,Tri-Level,50X133,6650,,,,,,,
23,133,Glenwood,11,7,1,1,2,60000,320000,375000,10,0,3,1,11/1/2018,Detached,No,2520,,English,74X164,12136,,,,,,,
24,134,Norwood,11,8,2,0,1,60000,380000,399913,10,0,3,2,11/2/2018,Attached,No,0,,Ranch,98 X 102,9996,,,,,,,
25,135,Karen,11,9,3,0,1.5,60000,459000,479000,11,0,4,2,11/3/2018,Attached,No,0,,Other,75X123X74X123,9225,,,,,,,
26,136,Joanne,11,9,2,1,1,60000,460000,509000,12,0,4,2,11/4/2018,Attached,No,0,,Ranch,90X135X91X135,12150,,,,,,,
27,137,Happy Hollow,11,10,2,1,1.5,60000,698500,735000,12,0,4,2,11/5/2018,Attached,No,0,,Other,75 X 214 X 121 X 162,16050,,,,,,,
28,138,Glendale,11,7,2,0,1.5,60000,292000,298000,13,0,3,0,11/6/2018,None,Yes,0,,Other,186' X 165 X 59' X 75',30690,,,,,,,
29,139,FIR,11,7,1,1,1,60000,455000,474000,13,0,3,2.1,11/7/2018,Attached,No,0,,Ranch,89 X 131 X 57 X 100.25,11659,,,,,,,
30,140,JUNIPER,11,9,3,0,1,60000,636500,699000,14,0,4,2,11/8/2018,Attached,No,0,,Ranch,80 X 132,10560,,,,,,,
31,141,Linneman,11,11,2,0,2,60000,325000,350000,14,0,4,1.5,11/9/2018,Attached,No,1840,,Bungalow,80' X 150',12000,,,,,,,
32,142,Indian,11,6,1,1,1,60000,376000,389000,14,0,3,1,11/10/2018,Attached,No,1304,,Ranch,80 X 133,10640,,,,,,,
33,143,Grove,11,8,2,0,1.5,60000,370000,389500,17,0,3,2,11/11/2018,Attached,Yes,0,,Bi-Level,132X76,10032,,,,,,,
34,144,Glenwood,11,11,2,0,2,60000,590000,629900,18,0,4,2,11/12/2018,Attached,No,0,,Cape Cod,82X317X84X296,25994,,,,,,,
35,145,James,11,9,3,0,1.5,60000,349900,349900,21,0,5,4,11/13/2018,Attached,Yes,0,,Bi-Level,116 X 65,7540,,,,,,,
36,146,Swainwood,11,10,3,1,2,60000,862500,899000,21,0,4,2,11/14/2018,Attached,Yes,0,,Other,13527,13527,,,,,,,
37,147,Iroquois,11,14,2,1,2,60000,775000,825000,22,0,4,2,11/15/2018,Attached,No,0,,Colonial,88 X 189 X 88 X 195,16632,,,,,,,
38,148,Briar,11,8,2,1,3,60000,565000,565000,22,0,4,2,11/16/2018,Detached,No,0,,Other,75X141X75X136,10575,,,,,,,
39,149,Knollwood,11,8,2,1,2,60000,519900,529900,23,0,4,3,11/17/2018,Detached,No,0,,Other,119X91,10829,,,,,,,
40,150,Windsor,11,8,2,1,2,60000,550000,599000,24,0,4,2,11/18/2018,Attached,No,0,,Colonial,64X150,9600,,,,,,,
41,151,Greenfield,11,7,2,0,1,60000,280000,289900,26,0,3,2,11/19/2018,Detached,Yes,0,,Other,75X125,9375,,,,,,,
42,152,Windsor,11,7,4,0,2,60000,1200000,1200000,27,1,3,2,11/20/2018,Attached,Yes,0,,Other,14619,14619,,,,,,,
43,153,Redwood,11,15,5,1,2,60000,1800000,1995000,28,1,5,2.5,11/21/2018,Attached,Yes,0,,Colonial,112X129,14448,,,,,,,
44,154,Mickey,11,9,2,0,1,60000,550000,575000,30,1,2,2,11/22/2018,Attached,No,2027,,Ranch,125X122,15250,,,,,,,
45,155,Washington,11,8,2,0,1.5,60000,464000,479000,31,0,3,2,11/23/2018,Detached,No,0,,Other,53X125,6625,,,,,,,
46,156,Ironwood,11,9,3,0,1,60000,753071,719900,32,0,4,2,11/24/2018,Attached,No,0,,Traditional,52X117X52X117,6084,,,,,,,
47,157,Garden,11,10,2,0,1,60000,470000,475000,33,0,4,2,11/25/2018,Detached,No,0,,Ranch,30X134X115X1134,4020,,,,,,,
48,158,Independence,11,10,3,1,2,60000,982500,1050000,33,0,4,2,11/26/2018,Attached,No,0,,Colonial,82X160X82X155,13120,,,,,,,
49,159,Henley,11,10,3,1,2,60000,980000,1024000,35,1,4,2,11/27/2018,Attached,Yes,3007,1547,Other,51X187,9537,,,,,,,
50,160,ELM,11,7,2,0,1,60000,260000,289000,35,0,2,2,11/28/2018,Attached,No,0,,Ranch,97X50X114X75,4850,,,,,,,
51,161,Canterbury,11,11,3,1,2,60000,972500,995000,37,0,5,2,11/29/2018,Attached,No,0,,Colonial,100 X 133,13300,,,,,,,
52,162,Sequoia,11,10,2,1,1,60000,542000,629000,37,0,3,2,11/30/2018,Attached,No,2501,2501,Ranch,143 X 86 X 137 X 123,12298,,,,,,,
53,163,MARIE,11,8,3,0,1,60000,512000,535000,40,0,3,2,12/1/2018,Attached,Yes,0,,Ranch,80X125,10000,,,,,,,
54,164,GRANDVIEW,11,8,2,0,2,60000,270000,325000,41,0,3,2,12/2/2018,Detached,No,1100,700,Cape Cod,127 X 186 X 41 X 147,23622,,,,,,,
55,165,Shermer,11,6,2,0,1,60000,365000,385000,42,0,3,1,12/3/2018,Detached,No,0,,Ranch,60 X 120,7200,,,,,,,
56,166,George,11,10,3,1,2,60000,802000,824900,43,0,4,2,12/4/2018,Attached,No,0,,Other,100X100,10000,,,,,,,
57,167,Harrison,11,9,3,1,2,60000,760000,799900,49,0,4,2,12/5/2018,Detached,Yes,0,,Other,0.17,7405.2,,,,,,,
58,168,Fielding,11,14,3,1,2,60000,1010000,1025000,50,0,4,3,12/6/2018,Attached,Yes,0,,Colonial,58X142X68X135,8236,,,,,,,
59,169,Central,11,8,2,0,1,60000,470000,479000,50,0,3,1.5,12/7/2018,Attached,Yes,0,,Ranch,158X64X155X65,10112,,,,,,,
60,170,Warren,11,7,2,0,1.5,60000,309000,314900,51,0,3,2,12/8/2018,Attached,No,0,,Other,91X112,10192,,,,,,,
61,171,Pick,11,7,2,0,1,60000,435000,459000,60,0,3,1,12/9/2018,Detached,No,0,,Other,132X74,9768,,,,,,,
62,172,London,11,9,3,0,1,60000,500000,524900,62,1,3,1,12/10/2018,Attached,Yes,1500,1300,Other,67X135X68X134,9045,,,,,,,
63,173,Robincrest,11,9,2,0,1,60000,480000,499000,63,1,3,1,12/11/2018,Attached,Yes,0,,Ranch,63 X 140 X 65 X 135,8820,,,,,,,
64,174,MEADOWLARK,11,10,2,1,2,60000,577000,599000,64,0,4,2.5,12/12/2018,Attached,No,0,,Colonial,138 X 63,8694,,,,,,,
65,175,Constitution,11,14,4,0,2,60000,944000,979000,64,1,5,3,12/13/2018,Attached,Yes,0,,Colonial,65X137X65X135,8905,,,,,,,
66,176,Huber,11,10,2,1,2,60000,520000,550000,67,0,4,2,12/14/2018,Attached,No,0,,Colonial,74.5' X 135.15',10068.675,,,,,,,
67,177,Locust,11,5,2,0,1,60000,227000,227000,67,0,2,0,12/15/2018,None,No,0,,Bungalow,60 X 167,10020,,,,,,,
68,178,Indian,11,13,5,0,2,60000,1090000,1199000,69,0,5,2,12/16/2018,Attached,Yes,0,,Colonial,80X132,10560,,,,,,,
69,179,Juniper,11,12,6,1,2,60000,1400000,1449000,76,1,4,3,12/17/2018,Attached,Yes,4078,,Other,80X135,10800,,,,,,,
70,180,Warren,11,8,2,0,1.5,60000,310000,324000,76,0,3,2.5,12/18/2018,Detached,Yes,0,,Bi-Level,142 X 73,10366,,,,,,,
71,181,Linneman,11,8,1,0,1.5,60000,360000,385000,76,0,3,2.5,12/19/2018,Detached,No,0,,Other,49X182,8918,,,,,,,
72,182,Stacy,11,11,5,1,3,60000,380000,399000,76,0,7,2.5,12/20/2018,Detached,No,0,,Traditional,65' X 117',7605,,,,,,,
73,183,Fielding,11,12,3,1,2,60000,835000,875000,77,1,3,2,12/21/2018,Attached,Yes,0,,Colonial,68X132,8976,,,,,,,
74,184,Karen,11,8,2,1,2,60000,353000,415000,78,0,3,2,12/22/2018,Attached,No,0,,Colonial,36X106X142X161,3816,,,,,,,
75,185,Wilmette,11,8,2,1,3,60000,525000,575000,78,0,4,2,12/23/2018,Attached,No,0,,Colonial,71X124,8804,,,,,,,
76,186,Sequoia,11,9,2,1,2,60000,650000,688000,80,0,4,2,12/24/2018,Attached,No,0,,Colonial,79X165X69X145,13035,,,,,,,
77,187,Lake,11,8,2,1,2,60000,585000,619000,81,0,3,2,12/25/2018,Detached,No,2251,,Traditional,3422 SQ FT,3422,,,,,,,
78,188,ELM,11,10,3,1,2,60000,1215000,1349000,83,0,4,2,12/26/2018,Detached,No,0,,Cape Cod,"17,015","17,015",,,,,,,
79,189,Glendale,11,11,5,0,2,60000,970000,999000,87,1,5,2,12/27/2018,Attached,Yes,0,,Other,76X145,11020,,,,,,,
80,190,Lindenwood,11,8,2,1,1.5,60000,445000,460000,87,0,4,2.5,12/28/2018,Attached,Yes,0,,Tri-Level,101X105,10605,,,,,,,
81,191,Stratford,11,14,4,0,2,60000,810000,832000,91,1,5,2,12/29/2018,Attached,Yes,0,,Colonial,76X154X79X136,11704,,,,,,,
82,192,Crescent,11,8,2,0,1.5,60000,415000,419900,95,0,4,2,12/30/2018,Detached,No,0,,Other,75X134,10050,,,,,,,
83,193,LAKE,11,8,2,2,2,60000,420000,449000,96,1,3,2,12/31/2018,Attached,Yes,0,,Cape Cod,66 X277,18282,,,,,,,
84,194,Hollywood,11,8,3,0,1,60000,478000,499500,99,1,3,2,1/1/2019,Attached,Yes,0,,Other,71X123,8733,,,,,,,
85,195,Maynard,11,8,2,1,2,60000,470000,499000,100,0,4,2,1/2/2019,Attached,No,0,,Colonial,8722 SQ FT,8722,,,,,,,
86,196,Evergreen,11,13,4,1,2,60000,980000,999900,101,1,4,3,1/3/2019,Attached,Yes,0,,Colonial,40 X 211 X 165 X 154,8440,,,,,,,
87,197,LAKEWOOD,11,12,4,1,2,60000,742000,779000,102,1,4,2,1/4/2019,Attached,Yes,0,,Other,"15,647 SQ.FT.",15647,,,,,,,
88,198,Grove,11,7,1,0,1,60000,382500,399000,106,0,3,1,1/5/2019,Attached,No,0,,Ranch,154X58X154X59,8932,,,,,,,
89,199,Thornberry,11,7,2,0,2,60000,357500,375000,110,0,4,2,1/6/2019,Detached,No,0,,Other,67X140,9380,,,,,,,
90,200,Winnetka,11,10,3,1,2,60000,565000,594900,111,0,4,2,1/7/2019,Attached,No,0,,Colonial,78 X 130,10140,,,,,,,
91,201,Eastwood,11,14,4,1,2,60000,1496138,1599000,114,0,5,3,1/8/2019,Attached,No,6702,,Other,60100,60100,,,,,,,
92,202,Hunter,11,14,5,0,2,60000,1060000,1125000,121,0,5,2,1/9/2019,Attached,Yes,0,,Colonial,66X160,10560,,,,,,,
93,203,GREENWOOD,11,7,2,1,1.5,60000,365000,385000,121,0,3,2,1/10/2019,Attached,No,0,,Other,77X130,10010,,,,,,,
94,204,Fir,11,8,3,0,1.5,60000,575000,585000,123,0,4,1,1/11/2019,Attached,Yes,3250,,Other,6000,6000,,,,,,,
95,205,HENLEY,11,7,1,1,2,60000,325000,345000,124,0,2,1,1/12/2019,Detached,Yes,0,,English,50 X 185,9250,,,,,,,
96,206,Brandess,11,10,2,2,2,60000,620000,629000,124,0,4,2,1/13/2019,Attached,Yes,0,,Colonial,79 X 180,14220,,,,,,,
97,207,Glenwood,11,7,2,0,1,60000,310000,329000,129,0,2,1.5,1/14/2019,Detached,No,0,,Other,75X138,10350,,,,,,,
98,208,HEATHERFIELD,11,7,3,1,1.5,60000,476000,499000,131,0,3,2,1/15/2019,Detached,No,2774,,Tri-Level,66 X 134,8844,,,,,,,
99,209,Monterey,11,13,6,2,3,60000,2360000,2450000,136,0,6,3,1/16/2019,Attached,Yes,8151,3966,Traditional,120X160,19200,,,,,,,
100,210,Glenview,11,13,3,1,2,60000,769000,769000,137,1,4,2,1/17/2019,Detached,Yes,0,,Other,50 X 178,8900,,,,,,,
101,211,Swainwood,11,10,3,1,1,60000,1200000,1249000,139,0,4,2,1/18/2019,Attached,No,0,,Prairie,162X115X152X113,18630,,,,,,,
102,212,Independence,11,10,3,1,2,60000,1050000,1150000,142,0,5,2,1/19/2019,Attached,No,0,,Other,75 X 136 X 75 X 136,10200,,,,,,,
103,213,Neva,11,8,2,0,1,60000,382000,399900,143,1,3,2,1/20/2019,Detached,Yes,1100,1100,Other,40 X 136,5440,,,,,,,
104,214,Robin,11,9,2,2,2,60000,535000,564900,148,0,4,2,1/21/2019,Attached,Yes,0,,Other,86 X 124 X 100 X 103,10664,,,,,,,
105,215,Kennicott,11,8,3,0,1,60000,528000,599000,149,0,3,2,1/22/2019,Attached,No,0,,Ranch,303 X 497 X 220 X 241,150591,,,,,,,
106,216,Beaver,11,9,3,0,2,60000,600000,600000,150,0,4,2,1/23/2019,Detached,No,0,,Cape Cod,70 X 133,9310,,,,,,,
107,217,Ronald,11,7,2,0,1.5,60000,347900,339900,158,0,3,1,1/24/2019,Detached,Yes,0,,Other,71 X 44,3124,,,,,,,
108,218,Golfview,11,11,4,2,3,60000,1290000,1375000,162,0,6,2,1/25/2019,Attached,Yes,0,,Tudor,161X92,14812,,,,,,,
109,219,Maclean,11,11,2,0,2,60000,421000,450000,165,0,4,2.5,1/26/2019,Detached,No,0,,Other,51X161X50X162,8211,,,,,,,
110,220,Elizabeth,11,8,3,0,2,60000,592500,625000,166,0,4,2,1/27/2019,Attached,No,0,,Bi-Level,72X129X71X135,9288,,,,,,,
111,221,Thistle,11,14,4,1,2,60000,900000,949000,170,1,4,2,1/28/2019,Attached,Yes,0,,Colonial,65X152X73X148,9880,,,,,,,
112,222,Crown,11,10,3,0,1,60000,429000,449000,171,0,3,2,1/29/2019,Attached,Yes,0,,Ranch,11653,11653,,,,,,,
113,223,Ronald,11,8,2,0,1,60000,342000,355000,172,1,3,2,1/30/2019,Detached,Yes,0,,Ranch,72' X 141',10152,,,,,,,
114,224,Overlook,11,10,3,0,2,60000,745000,779000,187,0,5,2,1/31/2019,Attached,No,2884,761,Cape Cod,237 X 94,22278,,,,,,,
115,225,Malik,11,9,3,0,2,60000,525000,535000,191,0,4,3,2/1/2019,Detached,Yes,0,,Colonial,64 X 144 X 125 X 104,9216,,,,,,,
116,226,ECHO,11,7,1,1,1,60000,360000,377000,205,0,3,2,2/2/2019,Attached,No,0,,Ranch,70 X 137,9590,,,,,,,
117,227,Maple Leaf,11,7,2,0,1.5,60000,392500,429000,206,0,3,2,2/3/2019,Attached,No,0,,Other,75X145X79X145,10875,,,,,,,
118,228,Independence,11,14,4,1,2,60000,1019000,1049000,216,0,4,3,2/4/2019,Attached,Yes,0,,Other,77 X 136 X 79 X 137,10472,,,,,,,
119,229,HIGHLAND,11,8,2,0,1,60000,360000,369900,216,1,3,2,2/5/2019,Detached,Yes,0,,Ranch,66 X 155 X 64 X 152,10230,,,,,,,
120,230,Glenview,11,11,2,1,2,60000,540000,565000,243,1,3,3,2/6/2019,Detached,Yes,0,,Other,75X197X75X196,14775,,,,,,,
121,231,Elmdale,11,9,2,1,2,60000,565000,589000,248,0,5,2,2/7/2019,Attached,No,0,,Colonial,88X134X88X138,11792,,,,,,,
122,232,Rolling Pass,11,12,4,1,2,60000,975000,1000000,258,1,4,2,2/8/2019,Attached,Yes,2818,1365,Other,56 X 130,7280,,,,,,,
123,233,Park,11,12,3,1,2,60000,770000,824900,264,1,4,2,2/9/2019,Detached,No,0,,Colonial,68 X 151,10268,,,,,,,
124,234,Winchester,11,10,3,1,2,60000,685000,725000,264,0,5,4,2/10/2019,Attached,No,0,,Other,83X137,11371,,,,,,,
125,235,Westleigh,11,11,3,1,2,60000,680000,724900,266,1,3,2,2/11/2019,Attached,Yes,0,,Colonial,101 X 58,5858,,,,,,,
126,236,Rogers,11,9,2,0,1.5,60000,316000,319900,296,0,4,2.5,2/12/2019,Attached,No,0,,Bi-Level,150X115,17250,,,,,,,
127,237,James,11,9,2,0,1,60000,365000,375000,307,0,4,2,2/13/2019,Detached,No,0,,Ranch,65X117,7605,,,,,,,
128,238,CENTRAL,11,11,3,1,2,60000,400000,409000,344,1,5,2,2/14/2019,Detached,Yes,0,,Other,61X163,9943,,,,,,,
129,239,Indian,11,10,2,1,1.5,60000,600000,669000,369,0,3,2,2/15/2019,Attached,No,3107,1356,Cape Cod,60 X 133,7980,,,,,,,
130,240,Kittyhawk,11,11,3,1,2,60000,975375,1059000,429,0,4,3,2/16/2019,Attached,No,0,,Colonial,90X125,11250,,,,,,,
131,241,Crescent,11,13,4,1,2,60000,953000,999000,434,1,4,2,2/17/2019,Attached,Yes,5373,,Colonial,230X102X230X100,23460,,,,,,,
132,242,Hawthorne,11,14,5,0,2,60000,1490000,1529000,550,1,4,2,2/18/2019,Attached,Yes,4162,,Colonial,77 X 136,10472,,,,,,,
133,353,Hastings,22,8,2,1,1,60000,542500,575000,1,0,4,2,2/19/2019,Attached,No,0,,Ranch,159 X 82,13038,,,,,,,
134,354,Sumac,22,7,1,0,1,60000,257650,257000,1,0,3,2,2/20/2019,Detached,No,0,1120,Other,2X141X91X155,282,,,,,,,
135,355,Onwentsia,22,3,2,0,2,60000,300000,299000,1,0,3,0,2/21/2019,None,No,0,654,Colonial,50X183,9150,,,,,,,
136,356,Clifton,22,8,2,1,2,60000,473000,479000,2,0,3,1,2/22/2019,Attached,No,0,,Colonial,50X187X50X190,9350,,,,,,,
137,357,Cottonwood,22,8,2,1,2,60000,332000,374999,2,0,4,2,2/23/2019,Attached,No,0,,Colonial,58X58,3364,,,,,,,
138,358,Friar Tuck,22,10,4,1,2,60000,680000,698900,3,1,4,2,2/24/2019,Attached,Yes,0,,Colonial,78X157,12246,,,,,,,
139,359,Freesia,22,7,2,1,1,60000,852000,850000,3,0,2,2,2/25/2019,Attached,No,0,,Other,83X78X72X119,6474,,,,,,,
140,360,Greenwood,22,7,3,0,1,60000,296400,284900,3,0,3,2,2/26/2019,Attached,Yes,0,,Ranch,80 X158,12640,,,,,,,
141,361,Skokie,22,11,3,1,2,60000,453000,475000,4,1,3,2,2/27/2019,Detached,Yes,0,,Other,115X103X143X52,11845,,,,,,,
142,362,Oak,22,10,3,1,2,60000,635000,650000,6,0,4,2,2/28/2019,Attached,No,0,1473,Tudor,142 X 81 X 141 X 82,11502,,,,,,,
143,363,Museum,22,9,4,1,2,60000,599000,599000,6,0,5,4,3/1/2019,Attached,No,0,,Contemporary,330X250X179,82500,,,,,,,
144,364,Sheridan,22,7,3,0,1.5,60000,492000,499000,6,0,4,1,3/2/2019,Attached,No,0,,Other,150 X 91,13650,,,,,,,
145,365,Braeside,22,10,3,1,2,60000,730000,750000,7,1,3,2,3/3/2019,Attached,Yes,0,,Colonial,70X150,10500,,,,,,,
146,366,Broadview,22,7,1,1,1.5,60000,310000,309900,7,0,3,1,3/4/2019,Attached,No,0,,Other,40 X 130 X 40 X 130,5200,,,,,,,
147,367,Sunnyside,22,8,2,0,1.5,60000,295000,315000,8,0,4,1,3/5/2019,Detached,Yes,0,,Other,50X140,7000,,,,,,,
148,368,Pleasant,22,8,2,0,2,60000,455000,465000,9,0,4,2,3/6/2019,Detached,No,1775,800,Colonial,50X150,7500,,,,,,,
149,369,Glencoe,22,12,3,1,1,60000,562500,575000,9,2,4,2,3/7/2019,Attached,Yes,4377,1232,Ranch,63X150,9450,,,,,,,
150,370,Acorn,22,11,4,1,2,60000,635000,635000,10,0,5,3,3/8/2019,Attached,No,0,,Other,17450,17450,,,,,,,
151,371,Bob-O-Link,22,10,5,1,1,60000,850000,849999,14,0,6,2,3/9/2019,Attached,Yes,0,,Other,85X175,14875,,,,,,,
152,372,Cavell,22,12,3,2,3,60000,665000,675000,15,1,4,2,3/10/2019,Attached,Yes,2932,,Other,50 X 146,7300,,,,,,,
153,373,Washington,22,11,3,1,2,60000,625000,625000,15,1,4,2,3/11/2019,Attached,Yes,0,,Colonial,40X130,5200,,,,,,,
154,374,Mc Daniels,22,8,3,1,2,60000,900000,925000,18,0,3,2,3/12/2019,Attached,No,2300,,Cape Cod,94 X 79,7426,,,,,,,
155,375,Saint Johns,22,10,2,0,2,60000,434000,469000,19,1,3,2,3/13/2019,Detached,Yes,1636,,Bungalow,50X120,6000,,,,,,,
156,376,Driscoll,22,5,1,0,1,60000,210000,229900,20,0,3,2.5,3/14/2019,Detached,No,0,,Ranch,50X128,6400,,,,,,,
157,377,Pine Point,22,8,4,0,1,60000,550000,544900,22,0,4,2,3/15/2019,Attached,No,0,,Ranch,125 X 145,18125,,,,,,,
158,378,Sheridan,22,8,3,0,2,60000,572355,660000,23,0,5,2,3/16/2019,Detached,No,0,,Other,10890,10890,,,,,,,
159,379,Taylor,22,9,3,0,2,60000,467818,499818,23,0,4,2,3/17/2019,Detached,No,0,,Other,50 X 140,7000,,,,,,,
160,380,Northland,22,7,2,1,1.5,60000,260000,278300,24,0,3,1,3/18/2019,Detached,No,0,,Other,60X158X67X163,9480,,,,,,,
161,381,Great Elm,22,12,4,1,3,60000,1475000,1699000,24,0,4,3,3/19/2019,Attached,No,0,2342,Traditional,212X494X194X400,104728,,,,,,,
162,382,THORN TREE,22,9,2,1,2,60000,305000,319900,24,1,4,2,3/20/2019,Attached,Yes,0,,Other,12989,12989,,,,,,,
163,383,Thackeray,22,11,4,2,2,60000,715000,775000,26,1,5,2,3/21/2019,Attached,Yes,0,,Colonial,100X125,12500,,,,,,,
164,384,Broadview,22,12,3,2,2,60000,801000,879900,30,0,5,4,3/22/2019,Attached,No,0,,Cape Cod,56X130,7280,,,,,,,
165,385,Judson,22,9,2,1,2,60000,576000,575000,30,0,4,2,3/23/2019,Attached,No,0,,Other,50 X 185,9250,,,,,,,
166,386,Hill,22,7,3,0,1,60000,458000,475000,30,0,3,1,3/24/2019,Attached,Yes,0,,Ranch,71X171,12141,,,,,,,
167,387,Walker,22,8,3,0,2,60000,358000,379000,30,0,3,1,3/25/2019,Attached,Yes,0,,Cape Cod,7305 SQ. FT.,7305,,,,,,,
168,388,Carol,22,11,4,1,2,60000,701500,740000,32,0,4,1,3/26/2019,Attached,No,0,,Other,171X158X57X207,27018,,,,,,,
169,389,Aspen,22,10,3,2,1,60000,675000,699000,33,0,4,2,3/27/2019,Attached,Yes,6000,,Ranch,110X184X108X187,20240,,,,,,,
170,390,Deere Park,22,7,2,1,3,60000,2600000,2850000,35,0,3,2,3/28/2019,Attached,No,0,,Other,80X350,28000,,,,,,,
171,391,Ridgewood,22,7,1,1,2,60000,340000,384900,40,0,3,1,3/29/2019,Detached,No,0,,Tudor,48X150X48X150,7200,,,,,,,
172,392,FRIAR TUCK,22,7,2,1,1.5,60000,390000,399900,40,0,3,2,3/30/2019,Detached,No,0,,Bi-Level,136X36X156X50,4896,,,,,,,
173,393,Burton,22,6,2,0,1.5,60000,380000,399000,40,0,3,2,3/31/2019,Attached,No,1681,,Other,150 X 40,6000,,,,,,,
174,394,Charal,22,10,2,1,2,60000,554000,599000,43,0,5,2,4/1/2019,Attached,No,2876,,Colonial,77X125X93X162,9625,,,,,,,
175,395,Sumac,22,8,2,1,1,60000,312000,319000,43,0,3,0,4/2/2019,None,Yes,0,,Ranch,49 X 166,8134,,,,,,,
176,396,Wildrose,22,14,4,2,2,60000,700000,750000,43,2,4,3,4/3/2019,Attached,Yes,0,,Contemporary,112 X 140,15680,,,,,,,
177,397,Fairview,22,6,1,1,1,60000,276150,342000,44,0,3,1,4/4/2019,Attached,No,0,,Other,14833,14833,,,,,,,
178,398,Marion,22,9,2,1,2,60000,500000,535000,46,0,3,1,4/5/2019,Attached,No,2924,,Other,50X204X48X205,10200,,,,,,,
179,399,Marvell,22,8,2,1,2,60000,425000,450000,47,0,4,2,4/6/2019,Attached,No,0,942,Colonial,47X130X160X212,6110,,,,,,,
180,400,Saint Johns,22,8,1,1,2,60000,262500,285000,60,0,2,1,4/7/2019,Detached,Yes,0,,Other,50X160,8000,,,,,,,
181,401,Western,22,6,2,0,1,60000,385000,399900,61,0,3,2,4/8/2019,Attached,No,1452,0,Ranch,120 X 112 X 122 X 99,13440,,,,,,,
182,402,Cavell,22,7,2,0,2,60000,180000,250000,62,0,3,0,4/9/2019,None,Yes,1105,,Other,50X150X56X144,7500,,,,,,,
183,403,Country,22,10,3,1,1,60000,475000,499000,77,0,4,2,4/10/2019,Attached,Yes,0,,Ranch,"20,763","20,763",,,,,,,
184,404,Pierce,22,11,3,1,2,60000,635000,679900,77,0,4,2,4/11/2019,Attached,No,0,1248,Colonial,8620 SQFT,8620,,,,,,,
185,405,Brittany,22,10,3,0,1,60000,755000,799000,79,0,4,2.5,4/12/2019,Detached,No,3010,610,Other,85X200,17000,,,,,,,
186,406,Summit,22,7,2,1,1.5,60000,409000,415000,85,0,3,1.5,4/13/2019,Attached,No,0,,Tri-Level,75X155X74X155,11625,,,,,,,
187,407,Park,22,12,4,1,2,60000,910000,959000,87,1,4,2,4/14/2019,Attached,Yes,0,,Colonial,75X150,11250,,,,,,,
188,408,SUMAC,22,7,2,1,1.5,60000,360000,379000,87,0,3,2,4/15/2019,Attached,No,0,,Bi-Level,69X134X63X125,9246,,,,,,,
189,409,HUNTINGTON,22,7,2,0,1,60000,295000,344900,91,0,3,1,4/16/2019,Attached,No,0,,Ranch,60 X 150,9000,,,,,,,
190,410,LAUREL,22,14,5,1,2,60000,785000,850000,94,1,5,3,4/17/2019,Attached,Yes,4802,,Colonial,75 X 200,15000,,,,,,,
191,411,St Johns,22,6,1,1,2,60000,240000,250000,97,0,3,1,4/18/2019,Attached,Yes,0,,Other,60X131,7860,,,,,,,
192,412,Ashland,22,9,2,1,2,60000,376129,399900,100,0,3,2,4/19/2019,Attached,No,0,,Other,116 X 81 X 116 X 80,9396,,,,,,,
193,413,Green Bay,22,9,3,1,2,60000,570000,599000,105,1,3,1,4/20/2019,Attached,Yes,0,,Tudor,9750,9750,,,,,,,
194,414,Chicago,22,9,3,0,2,60000,289000,319000,108,0,4,4,4/21/2019,Detached,Yes,0,,Cape Cod,80 X 150,12000,,,,,,,
195,415,Half Day,22,11,3,0,2,60000,355000,395000,115,0,5,2,4/22/2019,Attached,No,0,,Other,76X148,11248,,,,,,,
196,416,Cherry,22,5,1,0,1,60000,130000,154900,116,0,2,0,4/23/2019,None,No,0,,Ranch,7635,7635,,,,,,,
197,417,Old Briar,22,9,2,1,1.5,60000,445000,455900,118,0,3,1,4/24/2019,Attached,No,0,,Bi-Level,113X208,23504,,,,,,,
198,418,Highland,22,11,4,1,1.5,60000,412000,409900,120,0,5,2,4/25/2019,Attached,Yes,0,,Contemporary,14601 SF,14601,,,,,,,
199,419,Broadview,22,9,2,1,1,60000,344000,379000,123,0,3,0,4/26/2019,None,Yes,0,,Ranch,40 X 130,5200,,,,,,,
200,420,Leslee,22,8,3,0,1.5,60000,585000,588000,127,0,3,2,4/27/2019,Attached,Yes,0,,Contemporary,195X56X105X146,10920,,,,,,,
201,421,Castlewood,22,7,2,1,1,60000,500000,524900,131,0,3,2,4/28/2019,Attached,No,0,,Ranch,100 X 146,14600,,,,,,,
202,422,Clifton,22,10,3,1,2,60000,875000,899990,131,0,4,2,4/29/2019,Attached,No,0,,Other,240 X 50,12000,,,,,,,
203,423,Twin Oaks,22,8,3,1,2,60000,275100,349900,151,0,4,2,4/30/2019,Attached,Yes,0,,Bi-Level,155X75,11625,,,,,,,
204,424,Deere Park,22,8,3,1,2,60000,575000,715000,159,0,4,2,5/1/2019,Attached,No,0,,Colonial,88X165,14520,,,,,,,
205,425,Cavell,22,8,1,1,2,60000,482500,499900,165,0,3,2.5,5/2/2019,Detached,No,0,,Other,75X146,10950,,,,,,,
206,426,harvard,22,8,3,1,2,60000,555000,580000,165,0,5,2.5,5/3/2019,Attached,No,0,,Cape Cod,135X70X149X36,9450,,,,,,,
207,427,Deere Park,22,10,4,0,1,60000,800000,849000,169,0,4,2,5/4/2019,Attached,Yes,0,,Other,0.57,24829.2,,,,,,,
208,428,Sherwood,22,9,2,1,1.5,60000,383000,435000,169,0,4,2,5/5/2019,Attached,No,0,,Contemporary,66X150,9900,,,,,,,
209,429,Bob O Link,22,13,5,0,2,60000,750000,799000,178,1,4,2,5/6/2019,Attached,Yes,4057,,Colonial,72 X 180,12960,,,,,,,
210,430,Sumac,22,9,3,1,2,60000,723000,759000,190,0,4,3,5/7/2019,Attached,No,0,,Other,176 X 26 X 103 X 160,4576,,,,,,,
211,431,GREEN BAY,22,9,3,1,2,60000,570000,600000,191,0,5,4,5/8/2019,Attached,No,0,,Traditional,16146 SQ FT,16146,,,,,,,
212,432,Sunset,22,17,7,1,2,60000,1425000,1599000,194,1,7,3,5/9/2019,Attached,Yes,5774,,Colonial,100X296,29600,,,,,,,
213,433,Cary,22,10,5,1,3,60000,987500,1075000,218,0,5,2,5/10/2019,Detached,Yes,4322,,Other,114X172,19608,,,,,,,
214,434,Priscilla,22,8,2,1,2,60000,365000,375000,221,0,4,2,5/11/2019,Attached,No,0,,Other,55 X 150,8250,,,,,,,
215,435,Ridgewood,22,9,3,1,2,60000,565500,580000,234,0,4,2,5/12/2019,Attached,No,0,,Other,13181,13181,,,,,,,
216,436,Clavey,22,7,2,0,1.5,60000,320000,319000,249,0,3,1,5/13/2019,Attached,Yes,0,,Other,5609,5609,,,,,,,
217,437,LINCOLN,22,6,2,0,1,60000,250000,250000,263,0,2,0,5/14/2019,None,No,0,,Ranch,50X200X50X200,10000,,,,,,,
218,438,Lakeside,22,9,2,1,2,60000,660000,749000,274,0,4,2,5/15/2019,Attached,No,0,,Tudor,75 X 185,13875,,,,,,,150
219,439,Woodbine,22,13,2,2,2,60000,660000,699000,279,0,4,2,5/16/2019,Attached,Yes,0,,Colonial,61 X 150 X 118 X 127,9150,,,,,,,
220,440,Pleasant,22,10,3,2,3,60000,505000,525000,282,0,4,2,5/17/2019,Detached,Yes,0,,Tudor,40X129,5160,,,,,,,
221,441,Western,22,8,3,0,1.5,60000,240000,249900,344,0,3,2,5/18/2019,Detached,Yes,0,,Tri-Level,75X230.94X76.4X231,17320.5,,,,,,,
222,442,Laurel,22,9,3,1,3,60000,590000,624900,403,0,4,1,5/19/2019,Detached,No,0,,Other,200X50,10000,,,,,,,
223,443,Linden Park,22,13,3,2,2,60000,1000000,1100000,415,1,4,2,5/20/2019,Attached,Yes,0,,Other,60X203X33.4X190,12180,,,,,,,
224,444,Sunset,22,8,2,0,1,60000,355000,378000,418,0,3,1,5/21/2019,Attached,No,1949,1274,Ranch,111 X 69 X 107 X 69,7659,,,,,,,
225,445,Hidden Ridge,22,17,8,1,3,60000,1225000,1290000,456,2,6,5,5/22/2019,Attached,Yes,0,,Other,284X327X52X229,92868,,,,,,,
226,446,County Line,22,11,3,1,2,60000,515000,534000,456,1,4,3,5/23/2019,Attached,Yes,3019,1960,Traditional,100X124,12400,,,,,,,
227,447,Linden,22,10,3,1,2,60000,691000,799000,469,0,4,2,5/24/2019,Attached,No,0,,Traditional,80X175,14000,,,,,,,
228,448,Clavey,22,10,3,0,1,60000,620500,649900,594,0,4,2,5/25/2019,Attached,No,0,,Ranch,110X272,29920,,,,,,,
229,559,Suffield,33,7,2,0,1.5,60000,290000,295000,3,0,3,2.5,5/26/2019,Detached,Yes,0,,Other,75X100,7500,,,,,,,
230,560,Marion,33,8,2,0,1,60000,289000,299900,4,0,3,2,5/27/2019,Detached,No,0,,Ranch,140 X 59,8260,,,,,,,
231,561,CHURCH,33,9,1,1,2,60000,259000,259000,4,0,3,2,5/28/2019,Attached,No,1630,384,Prairie,50 X 118,5900,,,,,,,
232,562,Olcott,33,7,1,1,1.5,60000,188000,189900,4,0,3,1,5/29/2019,Detached,Yes,1577,,Tri-Level,55 X 130,7150,,,,,,,
233,563,Carol,33,7,2,0,1.5,60000,326000,325000,5,0,3,2,5/30/2019,Detached,Yes,0,,Other,45X124,5580,,,,,,,
234,564,MANSFIELD,33,6,1,1,1,60000,229900,229900,5,0,3,1.1,5/31/2019,Detached,Yes,0,,Ranch,124X45,5580,,,,,,,
235,565,Crain,33,6,2,0,2,60000,255000,239500,6,0,3,1,6/1/2019,Attached,No,0,,Other,95 X 134 X 166,12730,,,,,,,
236,566,Reba,33,13,2,1,2,60000,541000,549500,7,1,4,2,6/2/2019,Attached,No,0,,Other,30X176X141X122,5280,,,,,,,
237,567,School,33,9,2,1,2,60000,435000,450000,7,0,4,2,6/3/2019,Detached,No,0,,Other,100X87,8700,,,,,,,
238,568,Oketo,33,9,3,0,1.5,60000,325000,325000,7,0,4,2,6/4/2019,Attached,Yes,1618,811,Bi-Level,76X107X77X107,8132,,,,,,,
239,569,warren,33,8,2,0,1.5,60000,342000,359900,8,0,3,2,6/5/2019,Detached,No,0,,Bi-Level,50 X 120,6000,,,,,,,
240,570,Central,33,7,1,1,1,60000,305000,339000,9,0,3,1,6/6/2019,Attached,No,0,,Ranch,124 X 62,7688,,,,,,,
241,571,Beckwith,33,9,2,1,1.5,60000,310500,339000,9,0,4,0,6/7/2019,None,Yes,0,,Other,60X135,8100,,,,,,,
242,572,Monroe,33,8,3,0,1,60000,272500,299999,10,0,3,2.5,6/8/2019,Detached,Yes,0,,Ranch,50X132,6600,,,,,,,
243,573,Oketo,33,6,1,1,1,60000,220000,240000,12,0,3,0,6/9/2019,None,Yes,0,,Bungalow,7680 SQ. FT.,7680,,,,,,,
244,574,Belleforte,33,6,1,0,1,60000,265000,249900,12,0,3,0,6/10/2019,None,No,0,,Ranch,60X130,7800,,,,,,,
245,575,Main,33,10,2,0,1.5,60000,275500,275000,13,0,6,0,6/11/2019,None,Yes,0,,Other,118 X 45,5310,,,,,,,
246,576,Osceola,33,7,2,0,1.5,60000,259000,285000,13,0,3,2,6/12/2019,Detached,Yes,0,,Other,8640,8640,,,,,,,
247,577,CHURCHILL,33,8,2,1,1,60000,360000,380000,13,0,3,2,6/13/2019,Attached,Yes,0,,Other,67X113,7571,,,,,,,
248,578,Lake,33,7,2,0,1.5,60000,344000,360000,14,0,3,2,6/14/2019,Attached,Yes,0,,Other,67 X 112,7504,,,,,,,
249,579,Beckwith,33,5,1,0,1,60000,200000,229900,14,0,3,1,6/15/2019,Detached,No,0,,Ranch,75X99,7425,,,,,,,
250,580,Shermer,33,7,2,1,1.5,60000,236000,184900,15,0,3,1,6/16/2019,Attached,Yes,0,,Other,5876,5876,,,,,,,
251,581,MANGO,33,7,2,0,1.5,60000,307500,324900,17,0,3,1,6/17/2019,Attached,Yes,0,,Tri-Level,46X125,5750,,,,,,,
252,582,Nashville,33,7,2,0,1,60000,245000,265000,17,0,3,0,6/18/2019,None,No,0,,Ranch,50X123X144,6150,,,,,,,
253,583,Beckwith,33,7,2,0,1.5,60000,335000,359000,18,0,3,2,6/19/2019,Attached,Yes,0,,Bi-Level,7670,7670,,,,,,,
254,584,Morton,33,10,2,0,1,60000,407500,419000,22,1,2,2.5,6/20/2019,Attached,Yes,0,,Ranch,66X124,8184,,,,,,,
255,585,PALMA,33,7,2,0,1,60000,416000,415000,22,0,3,2,6/21/2019,Attached,No,1918,,Ranch,8325SF,8325,,,,,,,
256,586,Merrill,33,9,2,0,1.5,60000,405000,425000,24,0,3,1.1,6/22/2019,Attached,No,0,,Contemporary,60 X 126,7560,,,,,,,
257,587,Lyons,33,9,2,0,1,60000,335000,350000,26,0,4,1,6/23/2019,Attached,No,0,,Ranch,62 X 120,7440,,,,,,,
258,588,Normandy,33,7,3,0,1,60000,240000,324900,28,0,3,2,6/24/2019,Attached,No,0,,Ranch,68.7X132,9068.4,,,,,,,
259,589,Church,33,7,2,0,1,60000,308500,319000,28,0,3,2,6/25/2019,Detached,Yes,0,,Other,50 X 118,5900,,,,,,,
260,590,Lincoln,33,8,1,1,1.5,60000,240000,250000,29,0,2,1,6/26/2019,Detached,No,0,,Bi-Level,232X49X210X45,11368,,,,,,,
261,591,MAJOR,33,8,2,0,1,60000,345000,349000,31,1,3,0,6/27/2019,None,Yes,0,,Ranch,50 X 132,6600,,,,,,,
262,592,Foster,33,12,4,0,2,60000,375000,389900,32,1,5,1,6/28/2019,Attached,Yes,0,,Colonial,60 X 116,6960,,,,,,,
263,593,Olcott,33,7,2,0,1.5,60000,300000,309900,37,0,3,2,6/29/2019,Detached,Yes,0,,Bi-Level,60X130,7800,,,,,,,
264,594,Madison,33,7,2,0,1.5,60000,285000,299900,38,0,3,2,6/30/2019,Detached,Yes,0,,Bi-Level,50 X 131,6550,,,,,,,
265,595,Luna,33,8,2,0,1.5,60000,322000,335000,39,0,4,2,7/1/2019,Attached,No,0,,Bi-Level,49 X 118,5782,,,,,,,
266,596,McVicker,33,8,2,0,1,60000,279900,289000,39,0,3,2.5,7/2/2019,Detached,Yes,0,,Ranch,53X135X52X135,7155,,,,,,,
267,597,Mango,33,6,1,0,1,60000,300000,319900,40,0,3,2,7/3/2019,Detached,No,0,,Other,50 X 132 X 50 X 132,6600,,,,,,,
268,598,Wilson,33,6,2,0,1.5,60000,318000,329900,40,0,3,0,7/4/2019,None,Yes,0,,Other,7548,7548,,,,,,,
269,599,Callie,33,6,2,0,1.5,60000,208000,213000,42,0,3,2,7/5/2019,Detached,No,0,,Cape Cod,25X123X25X123,3075,,,,,,,
270,600,BECKWITH,33,8,2,1,1.5,60000,407500,414900,47,0,4,2,7/6/2019,Attached,Yes,0,,Mid Level,50X130,6500,,,,,,,
271,601,Michael,33,9,2,1,1.5,60000,378000,399900,47,0,5,2,7/7/2019,Detached,Yes,0,,Tri-Level,57X126,7182,,,,,,,
272,602,Menard,33,8,2,0,1,60000,270000,289900,55,0,2,2,7/8/2019,Detached,Yes,0,,Ranch,33X125,4125,,,,,,,
273,603,Ponto,33,8,2,0,1.5,60000,250500,298700,56,0,3,2,7/9/2019,Attached,Yes,1642,,Tri-Level,7085 SQ FT,7085,,,,,,,
274,604,MCVICKER,33,6,2,0,1,60000,249000,259900,56,0,2,1,7/10/2019,Detached,Yes,0,,Ranch,45X124,5580,,,,,,,
275,605,Cleveland,33,6,1,1,1,60000,255000,259900,61,0,3,1,7/11/2019,Attached,Yes,0,,Ranch,60X125,7500,,,,,,,
276,606,Emerson,33,8,1,0,1,60000,255000,269900,61,0,3,1,7/12/2019,Attached,No,0,,Ranch,62 X 121,7502,,,,,,,
277,607,MANGO,33,6,2,0,1,60000,240000,249000,74,0,2,1,7/13/2019,Detached,No,0,,Ranch,45 X 132,5940,,,,,,,
278,608,Oconto,33,7,2,0,1.5,60000,285000,299000,79,0,3,2,7/14/2019,Detached,Yes,0,,Bi-Level,66 X 114,7524,,,,,,,
279,609,Beckwith,33,8,3,1,1.5,60000,397500,419000,81,0,4,1,7/15/2019,Attached,No,2945,,Other,63 X 130,8190,,,,,,,
280,610,Reba,33,7,2,0,1,60000,337000,349000,85,0,3,2,7/16/2019,Detached,Yes,0,,Other,50 X 131.11,6555.5,,,,,,,
281,611,Davis,33,6,2,1,1,60000,253493,283700,93,0,4,2,7/17/2019,Attached,No,0,,Other,7504,7504,,,,,,,
282,612,Odell,33,6,1,1,1,60000,240000,249000,96,0,3,0,7/18/2019,None,No,1357,,Ranch,57X118,6726,,,,,,,
283,613,Wilson,33,7,1,1,1,60000,312000,319900,111,0,3,1,7/19/2019,Attached,No,0,,Ranch,60  104,6240,,,,,,,
284,614,MEADE,33,7,1,1,1,60000,244200,253900,113,0,3,0,7/20/2019,None,No,0,,Ranch,50 X 124,6200,,,,,,,
285,615,Linder,33,11,3,1,2,60000,615000,635000,132,0,4,2,7/21/2019,Attached,Yes,0,,Contemporary,45X125,5625,,,,,,,
286,616,NATOMA,33,7,2,0,1.5,60000,312000,324900,135,0,3,0,7/22/2019,None,Yes,0,,Other,55X100,5500,,,,,,,
287,617,BECKWITH,33,8,2,0,1,60000,193000,239000,135,0,4,1,7/23/2019,Attached,No,0,,Ranch,56 X 134,7504,,,,,,,
288,618,Oleander,33,7,1,1,1,60000,305000,315000,136,0,3,2,7/24/2019,Attached,Yes,0,,Bungalow,50X125,6250,,,,,,,
289,619,Wilson,33,10,4,0,2,60000,700000,724900,138,2,4,2,7/25/2019,Detached,Yes,0,,Other,90 X 122 X 56 X 111,10980,,,,,,,
290,620,Foster,33,7,1,0,1,60000,262000,269900,138,1,2,1,7/26/2019,Attached,No,1126,1126,Ranch,60X105,6300,,,,,,,
291,621,Reba,33,8,1,1,1.5,60000,305000,320000,140,0,3,2,7/27/2019,Attached,No,0,,Bi-Level,50 X 132,6600,,,,,,,
292,622,Foster,33,12,5,0,2,60000,723000,749000,147,1,5,2,7/28/2019,Attached,Yes,3625,1825,Other,64X118,7552,,,,,,,
293,623,Simpson,33,7,2,0,2,60000,300000,322900,148,0,4,2.5,7/29/2019,Detached,No,0,,Other,65 X 115,7475,,,,,,,
294,624,Maple,33,10,2,0,1.5,60000,424000,439000,168,2,3,1,7/30/2019,Attached,No,1935,,Tri-Level,61X128X101X173,7808,,,,,,,
295,625,Georgiana,33,9,2,1,2,60000,334000,345000,175,0,4,1,7/31/2019,Detached,No,2100,1070,A-Frame,38X124,4712,,,,,,,
296,626,Foster,33,6,2,0,1.5,60000,317500,325000,186,0,4,2,8/1/2019,Detached,No,1250,,Cape Cod,54 X 114,6156,,,,,,,
297,627,Central,33,9,2,0,1.5,60000,335000,359000,187,0,4,1.5,8/2/2019,Detached,No,0,,Tri-Level,58X108,6264,,,,,,,
298,628,Palma,33,6,2,0,1,60000,259900,259900,189,0,3,1,8/3/2019,Attached,No,0,,Ranch,60X120,7200,,,,,,,
299,629,Davis,33,11,4,1,2,60000,670000,699000,195,0,5,2.5,8/4/2019,Attached,Yes,0,,Other,113 X 81,9153,,,,,,,
300,630,NEENAH,33,7,2,0,1.5,60000,299900,299900,198,0,3,2.5,8/5/2019,Detached,Yes,0,,Bi-Level,"6,169","6,169",,,,,,,
301,631,Crain,33,7,3,0,2,60000,385000,420000,254,0,3,2,8/6/2019,Detached,No,0,,Georgian,125X50,6250,,,,,,,
302,632,Ozark,33,7,2,0,1.5,60000,325000,334900,281,0,3,2,8/7/2019,Detached,Yes,0,,Other,60X138X60X136,8280,,,,,,,
303,633,Parkside,33,7,2,1,2,60000,330000,339000,363,0,3,2.5,8/8/2019,Detached,Yes,2249,,Cape Cod,50X130,6500,,,,,,,
304,634,Capri,33,9,2,1,1.5,60000,265000,279900,410,0,3,2,8/9/2019,Detached,Yes,0,,Tri-Level,75 X 100,7500,,,,,,,
305,635,Lyons,33,13,3,1,2,60000,653500,702000,415,0,5,2,8/10/2019,Attached,Yes,0,,Colonial,41X157X146X96,6437,,,,,,,
306,816,Touraine,51,11,2,1,2,60000,581500,589900,1,0,4,2,8/11/2019,Attached,No,0,,Colonial,90 X 141 X 89 X 141,12690,,,,,,,
307,817,Cherry,51,8,2,1,1,60000,500000,499900,1,0,4,2.5,8/12/2019,Attached,No,0,,Ranch,93 X 131 X 93 X 131,12183,,,,,,,
308,818,Shermer,51,7,1,0,2,60000,415000,449000,1,0,3,2,8/13/2019,Detached,No,0,,Other,219X114X193X116,24966,,,,,,,
309,819,Greenwood,51,6,2,0,1,60000,479000,479000,2,0,2,2,8/14/2019,Attached,No,0,,Ranch,48 X 69,3312,,,,,,,
310,820,Williamsburg,51,9,2,1,2,60000,575000,589000,2,0,4,2,8/15/2019,Attached,No,0,,Colonial,84X141X84X140,11844,,,,,,,
311,821,Eastwood,51,9,2,1,1.5,60000,777500,799500,2,0,4,2,8/16/2019,Attached,No,0,,Cape Cod,"15,500 SQ. FT.","15,500",,,,,,,
312,822,Fox Run,51,8,2,1,2,60000,630000,669500,2,0,4,2,8/17/2019,Attached,No,0,0,Other,89X131X88X131,11659,,,,,,,
313,823,Ash,51,13,5,1,2,60000,1320000,1350000,3,1,5,2,8/18/2019,Attached,Yes,0,,Traditional,75X156X56X163,11700,,,,,,,
314,824,Oak,51,10,4,1,2,60000,1015000,1049000,3,1,4,2,8/19/2019,Attached,Yes,0,,Other,55X135,7425,,,,,,,
315,825,Holly,51,8,2,0,1.5,60000,300000,300000,3,0,3,2.5,8/20/2019,Detached,No,1711,,Colonial,80' X 143.5',11480,,,,,,,
316,826,Brian,51,10,2,1,2,60000,445000,449000,3,0,4,2,8/21/2019,Attached,No,2375,,Other,50 X 89.5 X 50 X 100,4475,,,,,,,
317,827,Greenwood,51,6,2,0,1,60000,485000,489000,4,0,2,2,8/22/2019,Attached,No,0,,Ranch,5287 SQ FT,5287,,,,,,,
318,828,Radcliffe,51,10,2,1,2,60000,575000,589000,4,0,4,2,8/23/2019,Attached,No,0,,Colonial,81 X 124 X 82 X 121,10044,,,,,,,
319,829,Buckthorn,51,6,2,0,1,60000,362000,369000,5,0,2,2,8/24/2019,Attached,No,0,,Other,65 X 90,5850,,,,,,,
320,830,Whitfield,51,6,1,0,1,60000,222500,210000,6,0,3,0,8/25/2019,None,No,0,,Bungalow,68X61X92X116,4148,,,,,,,
321,831,Longaker,51,7,1,1,1,60000,206000,249000,6,0,3,0,8/26/2019,None,Yes,0,,Ranch,48X130X49X130,6240,,,,,,,
322,832,Techny,51,8,1,1,2,60000,260000,274900,6,0,4,2,8/27/2019,Attached,No,0,,Cape Cod,62 X 157 X 63 X 157,9734,,,,,,,
323,833,MARCEE,51,7,1,1,1.5,60000,217500,280000,6,0,3,1,8/28/2019,Attached,Yes,0,,Other,60 X 134 X 87 X 158,8040,,,,,,,
324,834,Peachtree,51,10,2,2,2,60000,868500,899000,7,0,5,2,8/29/2019,Attached,No,0,,Cape Cod,70X156X150X152,10920,,,,,,,
325,835,RUTGERS,51,9,2,1,2,60000,555000,599900,7,0,4,2,8/30/2019,Attached,No,0,,Other,12110 SQFT,12110,,,,,,,
326,836,Western,51,12,4,0,2,60000,911000,985000,8,0,5,3,8/31/2019,Attached,No,0,,Colonial,92X142X92X142,13064,,,,,,,
327,837,Brentwood,51,12,2,2,2,60000,451400,489900,8,0,4,6,9/1/2019,Attached,No,0,,Contemporary,75 X 230,17250,,,,,,,
328,838,Beechnut,51,6,1,0,1,60000,350000,359000,9,0,3,2,9/2/2019,Attached,No,0,,Other,191 X 108 X 215 X 86,20628,,,,,,,
329,839,Voltz,51,13,8,1,2,60000,1465000,1450000,9,1,4,5,9/3/2019,Attached,Yes,6340,3000,Other,"18,084","18,084",,,,,,,
330,840,WHIRLAWAY,51,8,2,2,1.5,60000,420000,450000,11,0,3,2,9/4/2019,Attached,No,0,,Tri-Level,100X200,20000,,,,,,,
331,841,Laurel,51,8,3,0,1,60000,410000,419000,14,1,3,1,9/5/2019,Attached,Yes,2000,,Ranch,60X172X113X78,10320,,,,,,,
332,842,Appletree,51,7,2,1,1.5,60000,445000,475000,16,0,3,2,9/6/2019,Attached,No,0,,Other,75 X 160,12000,,,,,,,
333,843,Keystone,51,9,4,1,2,60000,848000,849900,16,0,5,3,9/7/2019,Attached,Yes,0,,Other,59X301,17759,,,,,,,
334,844,Elm Ridge,51,4,2,1,1.5,60000,463000,495000,17,0,4,2.5,9/8/2019,Attached,No,0,,Bi-Level,206X100X205X100,20600,,,,,,,
335,845,Huckleberry,51,10,2,2,1.5,60000,400000,425000,18,0,4,2,9/9/2019,Attached,Yes,0,,Tri-Level,68X160,10880,,,,,,,
336,846,Woodlawn,51,7,2,1,1,60000,532000,569000,22,0,4,1,9/10/2019,Attached,No,0,,Other,104X200,20800,,,,,,,
337,847,Sussex,51,10,2,1,2,60000,517500,549000,24,0,5,2,9/11/2019,Attached,No,0,,Contemporary,103 X 96 X 92 X 142,9888,,,,,,,
338,848,Suffield,51,10,2,1,2,60000,570000,625000,24,0,4,2,9/12/2019,Attached,No,0,,Other,134X127X25X135,17018,,,,,,,
339,849,Norway Pine,51,10,3,1,1,60000,630000,645000,25,1,3,2,9/13/2019,Attached,Yes,0,,Ranch,47X139X141X134,6533,,,,,,,
340,850,Powder Horn,51,10,2,1,2,60000,509000,499000,28,0,4,2,9/14/2019,Attached,No,0,,Colonial,"11,139","11,139",,,,,,,
341,851,Whirlaway,51,9,3,0,2,60000,460000,529900,30,0,4,2,9/15/2019,Attached,No,0,,Other,34548,34548,,,,,,,
342,852,Greenacre,51,17,6,1,2,60000,1451500,1599000,33,2,5,4,9/16/2019,Attached,Yes,0,,English,295 X100X296X99,29500,,,,,,,
343,853,CAROL,51,8,3,0,1.5,60000,443000,475000,33,0,4,2,9/17/2019,Attached,No,2565,,Tri-Level,75 X 135,10125,,,,,,,
344,854,COUNTRY CLUB,51,8,2,1,2,60000,810000,850000,34,0,3,2,9/18/2019,Attached,No,0,,Other,50X50,2500,,,,,,,
345,855,Lilac,51,8,2,1,1.5,60000,465000,489000,34,0,4,2,9/19/2019,Attached,No,0,,Other,127X117X149X75,14859,,,,,,,
346,856,Orchard,51,9,2,1,2,60000,665000,689000,34,0,4,2,9/20/2019,Attached,No,0,,Colonial,64 X 165 X 64 X 166,10560,,,,,,,
347,857,Prestwick,51,8,2,1,2,60000,596000,619000,34,0,4,2,9/21/2019,Attached,No,0,,Colonial,90 X106 X 94 X 131,9540,,,,,,,
348,858,Doriann,51,9,2,1,1,60000,544000,545000,34,0,4,2.5,9/22/2019,Attached,No,2788,,Ranch,100 X 120,12000,,,,,,,
349,859,Prestwick,51,10,2,1,2,60000,566250,585000,36,0,4,2,9/23/2019,Attached,No,0,,Colonial,12917,12917,,,,,,,
350,860,Blackthorn,51,8,1,1,2,60000,470000,499000,37,0,3,1,9/24/2019,Attached,No,0,,Colonial,62X144,8928,,,,,,,
351,861,WILDWOOD,51,10,2,1,2,60000,660000,715000,37,0,3,2,9/25/2019,Attached,No,3194,,Colonial,145X84X34X121,12180,,,,,,,
352,862,Bob O Link,51,8,2,1,2,60000,540000,574000,40,0,4,2,9/26/2019,Attached,No,0,,Other,89 X 135,12015,,,,,,,
353,863,Phyllis,51,10,3,1,2,60000,630000,649000,42,0,4,2,9/27/2019,Attached,Yes,0,,Colonial,122 X 78 X 122X 79,9516,,,,,,,
354,864,Western,51,13,5,1,2,60000,895000,899000,43,0,5,2,9/28/2019,Attached,Yes,0,,Colonial,85X144X84X144,12240,,,,,,,
355,865,Saint Stephens Grn,51,11,2,2,2,60000,464550,489000,46,0,6,2,9/29/2019,Attached,No,0,,Cape Cod,12394 SQ FT,12394,,,,,,,
356,866,HAPP,51,9,3,0,2,60000,835000,899900,52,0,4,3,9/30/2019,Attached,No,0,,Other,245X301X205X435,73745,,,,,,,
357,867,Hickory,51,8,2,1,1,60000,385000,399999,53,1,3,2,10/1/2019,Attached,Yes,0,,Ranch,90X201X109X204,18090,,,,,,,
358,868,Greenview,51,10,3,1,2,60000,650000,699000,55,1,4,2,10/2/2019,Attached,Yes,0,,Tudor,76X178,13528,,,,,,,
359,869,Sunnyside,51,9,2,1,2,60000,477000,498000,55,0,4,2,10/3/2019,Attached,No,0,,Other,94 X 148 X 73 X 146,13912,,,,,,,
360,870,Grant,51,8,2,1,2,60000,560000,580000,56,0,5,2,10/4/2019,Attached,No,3190,,Other,106X285,30210,,,,,,,
361,871,Lakeside,51,12,4,1,2,60000,875000,995000,69,1,4,3,10/5/2019,Attached,Yes,4057,,Other,100X200,20000,,,,,,,
362,872,BUTTERNUT,51,8,2,1,2,60000,575000,599000,69,0,3,1,10/6/2019,Attached,No,0,,Cape Cod,59X115X60X115,6785,,,,,,,
363,873,Coachmaker,51,8,2,1,2,60000,450000,489000,71,0,4,2,10/7/2019,Attached,No,0,,Colonial,81 X 141,11421,,,,,,,
364,874,Thornwood,51,6,1,1,1,60000,390500,420000,72,0,3,1,10/8/2019,Attached,No,0,,Other,58X130X65X131,7540,,,,,,,
365,875,Carousel,51,10,2,1,1.5,60000,522500,544900,73,0,4,2.5,10/9/2019,Attached,No,0,,Other,"10,536 SQ. FT.","10,536",,,,,,,
366,876,Pfingsten,51,10,2,1,1.5,60000,457000,475000,73,0,3,2,10/10/2019,Attached,No,0,,Other,71 X 282 X 72 X 281,20022,,,,,,,
367,877,Country,51,8,2,0,1.5,60000,380000,419000,73,0,4,2,10/11/2019,Attached,No,0,,Bi-Level,81X150X114X120,12150,,,,,,,
368,878,Sunnyside,51,9,2,1,2,60000,528000,575000,76,0,4,2,10/12/2019,Attached,No,0,,Colonial,86 X 147 X 85 X 147,12642,,,,,,,
369,879,Church,51,15,5,1,2,60000,1285000,1375000,78,1,5,3,10/13/2019,Attached,Yes,4856,,Colonial,70X300X75X300,21000,,,,,,,
370,880,Cedar,51,6,2,0,1,60000,437500,449900,78,0,3,1,10/14/2019,Attached,No,0,,Other,60X183X59X179,10980,,,,,,,
371,881,Huckleberry,51,7,2,0,1,60000,452500,479000,84,0,3,2,10/15/2019,Attached,No,0,,Ranch,75 X 160,12000,,,,,,,
372,882,Wescott,51,6,2,0,1.5,60000,275000,319000,86,0,3,1,10/16/2019,Attached,Yes,1930,,Other,89 X 102,9078,,,,,,,
373,883,The Court Of Charlwood,51,8,2,1,2,60000,360000,399000,95,0,3,2,10/17/2019,Attached,No,0,,Other,59 X 83 X 58 X 85,4897,,,,,,,
374,884,Techny,51,15,5,1,2,60000,690000,725000,97,1,4,3,10/18/2019,Attached,Yes,0,,Other,93 X 279 X 93 X 281,25947,,,,,,,
375,885,Pony,51,8,2,1,2,60000,446250,470000,100,0,4,2,10/19/2019,Attached,No,0,,Other,17955,17955,,,,,,,
376,886,Norway Pine,51,9,2,1,2,60000,635000,659000,101,0,4,2.5,10/20/2019,Attached,No,0,,Colonial,163X218X159X43,35534,,,,,,,
377,887,Trails Edge,51,13,3,1,2,60000,970000,999900,102,0,5,3,10/21/2019,Attached,Yes,0,,Colonial,133 X 145 X 131 X 128,19285,,,,,,,
378,888,Timber,51,11,3,1,2,60000,525000,599000,103,0,5,2,10/22/2019,Attached,No,0,,Traditional,91 X 163,14833,,,,,,,
379,889,CONSTANCE,51,13,5,1,2,60000,940000,979000,105,0,5,3,10/23/2019,Attached,No,0,,Traditional,100X200,20000,,,,,,,
380,890,Maple,51,10,2,1,2,60000,610000,634000,106,0,4,2,10/24/2019,Attached,No,0,,Colonial,66 X 150,9900,,,,,,,
381,891,White Mountain,51,10,3,0,1,60000,465000,499900,107,1,3,2,10/25/2019,Attached,Yes,0,,Ranch,88 X 135 X 88 X 136,11880,,,,,,,
382,892,Sunset Ridge,51,11,3,1,1,60000,730000,798000,115,0,4,2,10/26/2019,Attached,No,0,,Ranch,239 X 200 X 240 X 47,47800,,,,,,,
383,893,Fieldwood,51,9,2,1,2,60000,575000,609900,115,0,4,2,10/27/2019,Attached,No,0,,Bi-Level,80 X 115 X 104 X 149,9200,,,,,,,
384,894,Sutton,51,10,3,1,2,60000,535000,579000,118,0,5,2.5,10/28/2019,Attached,No,0,,Other,117' X 142' X 126' X 17' X 72',16614,,,,,,,
385,895,Suffield,51,9,2,2,2,60000,605000,629000,126,0,5,2,10/29/2019,Attached,No,0,,Colonial,75X139X74X133,10425,,,,,,,
386,896,Central,51,8,2,0,1,60000,275000,299900,130,0,3,2,10/30/2019,Attached,No,0,,Ranch,80X127,10160,,,,,,,
387,897,Snowbird,51,9,2,1,2,60000,604500,635000,136,0,4,3,10/31/2019,Attached,No,0,,Colonial,94X126X96X125,11844,,,,,,,
388,898,Barberry,51,8,2,1,1.5,60000,399000,444900,139,0,4,2,11/1/2019,Attached,No,2196,0,Contemporary,85 X 125,10625,,,,,,,
389,899,Oak,51,12,6,1,2,60000,1475000,1599000,149,1,5,3,11/2/2019,Attached,Yes,6000,3000,Colonial,102X274X100X298,27948,,,,,,,
390,900,Prestwick,51,11,4,1,2,60000,710000,799000,150,0,4,3,11/3/2019,Attached,Yes,4078,,Traditional,102X144,14688,,,,,,,
391,901,Crabtree,51,12,2,1,2,60000,525000,574900,155,0,4,2,11/4/2019,Attached,No,0,,Colonial,14040,14040,,,,,,,
392,902,Dell,51,13,4,1,2,60000,750000,769900,162,1,4,2,11/5/2019,Attached,Yes,0,,Colonial,61 X 152 X 65 X 161,9272,,,,,,,
393,903,Bittersweet,51,9,3,0,1.5,60000,498000,525000,162,1,3,2,11/6/2019,Attached,No,0,,Bi-Level,75X160,12000,,,,,,,
394,904,Dundee,51,7,2,0,1,60000,270000,289900,167,0,3,2,11/7/2019,Detached,No,0,,Other,187X194,36278,,,,,,,
395,905,Maple,51,6,2,0,1,60000,179100,235000,179,0,3,1,11/8/2019,Detached,No,0,,Ranch,136 X 54,7344,,,,,,,
396,906,Briarwood,51,9,2,1,2,60000,600000,649900,180,0,4,1,11/9/2019,Attached,No,0,,Other,60 X 124 X 60 X129,7440,,,,,,,
397,907,Pfingsten,51,10,6,2,2,60000,641250,671000,184,0,6,3,11/10/2019,Attached,No,0,,Other,100X340,34000,,,,,,,
398,908,River Falls,51,10,2,1,2,60000,481000,499900,186,0,5,2,11/11/2019,Attached,No,0,,Tri-Level,69 X 107 X 89 X 129,7383,,,,,,,
399,909,Scott,51,14,4,1,2,60000,860000,925000,193,1,5,3,11/12/2019,Attached,Yes,4192,,Other,79X125,9875,,,,,,,
400,910,Thornapple,51,9,3,0,2,60000,525000,569000,195,0,4,2.5,11/13/2019,Attached,No,0,,Colonial,83 X 282,23406,,,,,,,
401,911,Coachmaker,51,9,2,1,2,60000,450000,475000,195,0,4,2,11/14/2019,Attached,No,0,,Colonial,12480,12480,,,,,,,
402,912,Donovan Glen,51,12,4,1,2,60000,818000,849000,230,0,4,3,11/15/2019,Attached,Yes,0,,Other,10892,10892,,,,,,,
403,913,Walters,51,12,5,0,2,60000,805000,849900,246,1,5,3,11/16/2019,Attached,Yes,0,,Colonial,65.90 X 270.83,17847.697,,,,,,,
404,914,Southbridge,51,11,2,1,2,60000,725000,750000,262,1,4,2,11/17/2019,Attached,No,0,,Colonial,90X153X91X148,13770,,,,,,,
405,915,Illinois,51,12,4,1,2,60000,1070000,1095000,265,1,4,2,11/18/2019,Attached,Yes,0,,Other,55X135,7425,,,,,,,
406,916,Oak,51,11,4,1,2,60000,1010000,1029000,272,1,4,2,11/19/2019,Attached,Yes,0,,Colonial,54 X 136 X 54 X 136,7344,,,,,,,
407,917,Walters,51,6,1,1,2,60000,250000,269900,281,0,3,2,11/20/2019,Detached,No,0,,Other,3924,3924,,,,,,,
408,918,Maple,51,8,3,0,2,60000,545000,549900,308,0,4,2,11/21/2019,Detached,Yes,0,,Other,59 X 148,8732,,,,,,,
409,919,Timberlane,51,6,1,1,1,60000,227000,267000,329,0,3,2,11/22/2019,Attached,No,1440,,Ranch,261X195X326,50895,,,,,,,
410,920,Trails Edge,51,13,6,2,2,60000,1325000,1424000,336,1,5,5,11/23/2019,Attached,Yes,5332,2670,Other,139X129,17931,,,,,,,
411,921,Chipili,51,8,2,0,1,60000,299000,299900,336,0,3,0,11/24/2019,None,Yes,0,,Ranch,51 X 132 X 51 X 132,6732,,,,,,,
412,922,Suffield,51,9,2,1,2,60000,563000,599000,355,0,4,2,11/25/2019,Attached,No,0,,Colonial,140 X 81 X 79 X 139,11340,,,,,,,
413,923,Landwehr,51,10,3,1,1,60000,378000,399000,415,0,4,2.5,11/26/2019,Attached,Yes,0,,Other,12635,12635,,,,,,,
414,924,Sunset Ridge,51,8,2,1,2,60000,547500,675000,519,0,4,4,11/27/2019,Attached,No,0,,Other,127.68 X 223.24 X 175.60 X 228,28503.2832,,,,,,,
415,925,Woodmere,51,15,4,2,2,60000,970000,999999,548,0,5,4,11/28/2019,Attached,Yes,0,,Contemporary,110X201X110X200,22110,,,,,,,
416,926,Ash,51,9,3,1,2,60000,1125000,1184000,632,0,4,2.5,11/29/2019,Attached,No,0,,Other,"10,841 SQ FT","10,841",,,,,,,
417,927,LAVIGNE,51,11,5,1,2,60000,630000,699000,794,0,5,3,11/30/2019,Attached,Yes,0,,Other,122 X 154,18788,,,,,,,
418,928,Birchwood,51,12,5,1,2,60000,1165000,1199997,807,1,4,3,12/1/2019,Attached,Yes,0,,Other,135X181X52X194,24435,,,,,,,
419,969,Kilbourn,55,7,1,1,2,60000,216500,260000,1,0,3,2,12/2/2019,Detached,No,0,,Georgian,33'X123,4059,,,,,,,
420,970,Kedvale,55,9,2,1,2,60000,437500,450000,1,0,4,2,12/3/2019,Detached,No,0,,Colonial,45 X 123,5535,,,,,,,
421,971,Dobson,55,5,1,0,1,60000,223000,239000,1,0,2,1,12/4/2019,Attached,No,0,0,Ranch,40 X 123.11,4924.4,,,,,,,
422,972,Keystone,55,9,3,0,1,60000,405000,419900,3,2,3,2,12/5/2019,Detached,Yes,1442,1442,Ranch,50X120,6000,,,,,,,
423,973,Crawford,55,8,2,0,1,60000,262000,265000,3,0,3,2.5,12/6/2019,Detached,Yes,0,,Ranch,50 X 115,5750,,,,,,,
424,974,Kolmar,55,7,2,0,1.5,60000,273000,284000,3,0,3,2.5,12/7/2019,Detached,No,0,,Bi-Level,123 X 35,4305,,,,,,,
425,975,Fargo,55,7,1,1,1,60000,290000,289900,4,0,3,2,12/8/2019,Detached,No,0,,Ranch,50 X 125,6250,,,,,,,
426,976,White Cloud,55,8,3,0,1.5,60000,375000,375000,4,0,4,0,12/9/2019,None,No,0,,Tri-Level,56 X 125,7000,,,,,,,
427,977,HARVARD,55,7,2,0,1.5,60000,250000,275000,4,0,3,2,12/10/2019,Detached,No,1683,,Bi-Level,50 X 124,6200,,,,,,,
428,978,Kilbourn,55,7,1,1,2,60000,430000,439000,5,0,3,2,12/11/2019,Detached,No,0,,Other,35X123,4305,,,,,,,
429,979,Prairie,55,6,1,0,1,60000,255100,250000,5,0,2,1,12/12/2019,Attached,No,0,,Ranch,59' X 127',7493,,,,,,,
430,980,HAMLIN,55,8,2,0,1,60000,260000,269000,5,0,2,2,12/13/2019,Detached,Yes,0,,Ranch,49X123,6027,,,,,,,
431,981,Central Park,55,5,1,0,1,60000,225000,194500,5,0,3,2,12/14/2019,Detached,No,0,1000,Ranch,50X123,6150,,,,,,,
432,982,Greenleaf,55,9,2,1,1,60000,330000,334500,6,0,3,2,12/15/2019,Detached,Yes,1814,,Ranch,46X125,5750,,,,,,,
433,983,Lowell,55,7,2,1,1.5,60000,300000,329000,6,0,3,2,12/16/2019,Attached,Yes,0,,Other,66' X 125',8250,,,,,,,
434,984,Prairie,55,6,1,0,1,60000,215000,224900,6,0,3,0,12/17/2019,None,No,0,,Ranch,52X120,6240,,,,,,,
435,985,Fargo,55,10,2,1,2,60000,425000,449750,6,0,5,2,12/18/2019,Attached,No,0,,Colonial,41 X 125,5125,,,,,,,
436,986,Kenton,55,8,1,1,2,60000,319000,319000,7,0,3,2,12/19/2019,Detached,No,0,,Georgian,35 X 123,4305,,,,,,,
437,987,Greenleaf,55,7,1,0,1,60000,265000,265000,7,0,3,2,12/20/2019,Detached,No,0,,Ranch,41 X 125,5125,,,,,,,
438,988,Kildare,55,6,1,1,1,60000,259000,259000,7,0,3,2,12/21/2019,Detached,Yes,0,,Bungalow,33X125,4125,,,,,,,
439,989,Le Claire,55,8,2,0,1,60000,370000,382000,8,1,3,1,12/22/2019,Attached,Yes,0,,Ranch,69*124,8556,,,,,,,271
440,990,Lowell,55,8,2,0,1.5,60000,435000,447800,9,0,3,2.5,12/23/2019,Attached,Yes,0,,Other,52X122,6344,,,,,,,
441,991,Kildare,55,7,2,0,1,60000,346000,345000,9,0,3,2,12/24/2019,Detached,No,1600,,Ranch,66 X 123,8118,,,,,,,
442,992,Harding,55,7,2,0,1,60000,305000,315000,10,0,3,2,12/25/2019,Detached,No,0,,Ranch,45 X 123,5535,,,,,,,
443,993,Laramie,55,8,1,1,1,60000,210000,210000,10,1,3,1,12/26/2019,Detached,No,0,,Ranch,40X125,5000,,,,,,,
444,994,Lockwood,55,8,2,1,1,60000,355000,369900,12,0,3,2,12/27/2019,Detached,Yes,2782,,Ranch,53X126,6678,,,,,,,
445,995,GREENLEAF,55,5,2,0,1,60000,244900,249900,12,0,3,2.5,12/28/2019,Detached,Yes,1087,1087,Ranch,48X124,5952,,,,,,,
446,996,Prairie,55,7,1,0,1.5,60000,230000,174900,14,0,3,2,12/29/2019,Attached,No,0,,Tri-Level,163 X 186  X 85,30318,,,,,,,
447,997,Laramie,55,6,2,0,1,60000,315000,319000,14,1,2,2,12/30/2019,Detached,Yes,0,,Other,50X125,6250,,,,,,,
448,998,LARAMIE,55,7,1,1,2,60000,270000,299900,14,0,3,2.5,12/31/2019,Detached,No,0,,Georgian,40 X 200,8000,,,,,,,
449,999,Kolmar,55,8,2,0,1,60000,405000,425000,15,1,3,2,1/1/2020,Detached,No,0,,Ranch,5658,5658,,,,,,,
450,1000,Kilbourn,55,7,2,0,1,60000,275000,279000,16,1,2,1,1/2/2020,Attached,Yes,2496,,Ranch,6089,6089,,,,,,,
451,1001,Chase,55,7,2,0,1,60000,255000,269900,20,0,2,2,1/3/2020,Detached,Yes,0,,Other,5580,5580,,,,,,,
452,1002,Keystone,55,7,2,0,1.5,60000,260000,279000,22,0,3,0,1/4/2020,None,Yes,0,,Bi-Level,5535,5535,,,,,,,
453,1003,Tripp,55,7,2,1,1,60000,350000,375000,22,0,3,1,1/5/2020,Attached,Yes,2955,,Ranch,53X131,6943,,,,,,,
454,1004,Drake,55,6,1,1,2,60000,180000,229000,23,0,3,2,1/6/2020,Detached,Yes,0,,Cape Cod,45X123,5535,,,,,,,
455,1005,Kilbourn,55,7,1,1,2,60000,325000,329000,24,0,3,2,1/7/2020,Detached,No,1403,640,Georgian,63 X 123,7749,,,,,,,
456,1006,HARVARD,55,9,3,0,2,60000,415000,429900,25,0,4,1,1/8/2020,Detached,Yes,0,,Cape Cod,66X114,7524,,,,,,,
457,1007,Chase,55,7,2,0,1.5,60000,325000,319900,25,0,3,2,1/9/2020,Attached,Yes,0,,Other,60X124,7440,,,,,,,
458,1008,KOSTNER,55,6,2,0,1,60000,430000,445000,25,0,3,2,1/10/2020,Attached,No,0,,Ranch,67X123,8241,,,,,,,
459,1009,Kildare,55,8,2,1,1.5,60000,455000,484900,25,0,4,1,1/11/2020,Attached,Yes,2124,,Tri-Level,66X131,8646,,,,,,,
460,1010,Kilpatrick,55,7,2,0,1,60000,515000,528000,26,0,3,2.5,1/12/2020,Attached,No,0,,Ranch,8646,8646,,,,,,,
461,1011,Drake,55,8,2,1,1.5,60000,315000,339000,29,0,4,1,1/13/2020,Attached,Yes,0,,Other,60  X 125,7500,,,,,,,
462,1012,Tripp,55,10,3,1,2,60000,565000,569000,29,0,5,4,1/14/2020,Attached,No,0,,Other,52 X 123,6396,,,,,,,
463,1013,Kenton,55,6,2,0,1,60000,238000,259000,29,0,3,0,1/15/2020,None,No,0,,Ranch,4640 SQ FT,4640,,,,,,,
464,1014,Greenleaf,55,8,2,1,1,60000,316500,324900,30,1,3,1,1/16/2020,Detached,Yes,0,,Other,40' X 126',5040,,,,,,,
465,1015,Kildare,55,8,2,1,1.5,60000,432000,449900,31,0,4,2,1/17/2020,Attached,No,0,,Tri-Level,68 X 137,9316,,,,,,,
466,1016,Keystone,55,6,1,0,1,60000,235000,250000,31,0,3,1,1/18/2020,Attached,No,0,,Ranch,68X133,9044,,,,,,,
467,1017,Suffield,55,7,2,1,1.5,60000,400000,425000,31,0,3,1.5,1/19/2020,Attached,Yes,0,,Other,132X55,7260,,,,,,,
468,1018,Kolmar,55,8,2,1,1.5,60000,289000,289000,33,0,3,2,1/20/2020,Detached,Yes,0,,Tri-Level,41X123,5043,,,,,,,
469,1019,Kildare,55,7,2,1,1.5,60000,400000,415000,34,0,3,2,1/21/2020,Detached,Yes,0,,Bi-Level,40 X 125,5000,,,,,,,
470,1020,Le Claire,55,8,2,0,1,60000,465000,475000,34,0,3,2,1/22/2020,Attached,No,1665,1600,Ranch,50X125,6250,,,,,,,
471,1021,Cleveland,55,9,2,0,1.5,60000,370000,375000,34,0,4,1,1/23/2020,Detached,Yes,0,,Bungalow,30 X 125,3750,,,,,,,
472,1022,Keystone,55,7,2,0,1,60000,300000,319900,36,0,3,2,1/24/2020,Detached,Yes,0,,Ranch,56 X 123,6888,,,,,,,
473,1023,Estes,55,8,2,1,1,60000,430000,455000,36,0,3,2.5,1/25/2020,Detached,Yes,0,800,Ranch,55 X 124,6820,,,,,,,
474,1024,Roth,55,8,2,0,1.5,60000,255000,255000,37,0,5,2,1/26/2020,Detached,No,0,,Other,42' X 123',5166,,,,,,,
475,1025,Kenton,55,10,2,1,2,60000,310000,324900,39,0,4,2,1/27/2020,Attached,No,0,,Cape Cod,60'X124',7440,,,,,,,
476,1026,Pratt,55,8,3,1,2,60000,480000,525000,41,0,3,2.5,1/28/2020,Attached,Yes,0,,Colonial,47X133,6251,,,,,,,
477,1027,Kolmar,55,8,1,1,1,60000,267500,284999,41,1,3,2,1/29/2020,Detached,No,0,,Ranch,60X120,7200,,,,,,,
478,1028,Keeler,55,7,4,0,2,60000,340000,350000,41,0,4,4,1/30/2020,Attached,Yes,0,,Contemporary,96 X 123,11808,,,,,,,
479,1029,Carol,55,10,2,0,1,60000,405000,405000,42,2,3,2,1/31/2020,Detached,No,0,,Ranch,123X46,5658,,,,,,,
480,1030,TRIPP,55,9,1,1,2,60000,305000,324900,43,0,4,2.5,2/1/2020,Detached,No,0,,Cape Cod,45 X 122,5490,,,,,,,
481,1031,Kilbourn,55,8,1,1,1,60000,304000,319900,44,0,3,2,2/2/2020,Detached,Yes,0,,Ranch,70X123,8610,,,,,,,
482,1032,Chase,55,8,2,0,1.5,60000,335000,339900,48,0,4,2,2/3/2020,Detached,No,0,,Other,40 X 124,4960,,,,,,,
483,1033,Keeler,55,9,4,0,1,60000,515000,515000,50,0,4,0,2/4/2020,None,Yes,2280,,Ranch,55 X 131,7205,,,,,,,
484,1034,Kilbourn,55,8,2,1,1,60000,384950,389900,51,0,3,1,2/5/2020,Attached,Yes,0,,Other,69X135,9315,,,,,,,
485,1035,St Louis,55,11,3,0,2,60000,345000,350000,52,0,4,2.5,2/6/2020,Detached,Yes,0,,Other,40X123,4920,,,,,,,
486,1036,Kimball,55,8,2,0,1.5,60000,285000,289000,56,0,3,1.5,2/7/2020,Detached,Yes,0,,Other,45X123,5535,,,,,,,
487,1037,Cleveland,55,10,3,0,1,60000,325000,319900,56,1,3,2,2/8/2020,Attached,Yes,0,,Ranch,123' X 54',6642,,,,,,,
488,1038,Brummel,55,9,4,0,2,60000,566318,574950,58,2,3,2,2/9/2020,Detached,Yes,2024,,Traditional,"5,952 SQFT",5952,,,,,,,
489,1039,Birchwood,55,12,4,1,2,60000,825000,879000,58,1,4,2,2/10/2020,Attached,Yes,0,,Other,63X124,7812,,,,,,,
490,1040,Kenneth,55,7,2,0,1.5,60000,341000,359000,59,0,3,0,2/11/2020,None,No,1360,,Other,62X101,6262,,,,,,,
491,1041,Karlov,55,7,1,0,1,60000,200000,229900,60,0,2,1,2/12/2020,Detached,No,0,,Ranch,40 X 123,4920,,,,,,,
492,1042,Kedvale,55,6,1,0,1,60000,198000,199900,61,0,2,1,2/13/2020,Detached,No,921,,Other,40X123X40X123,4920,,,,,,,
493,1043,Lacrosse,55,10,3,1,2,60000,420000,450000,64,1,4,2,2/14/2020,Attached,No,0,,Mediter./Spanish,48X130,6240,,,,,,,
494,1044,Suffield,55,8,2,1,1.5,60000,350000,360900,65,0,4,2,2/15/2020,Detached,No,0,,Bi-Level,45X125,5625,,,,,,,
495,1045,Greenleaf,55,6,1,1,1,60000,252000,269000,65,0,3,2,2/16/2020,Detached,No,0,,Ranch,40X126X40X126,5040,,,,,,,
496,1046,Jarvis,55,9,2,0,1.5,60000,318000,345000,65,0,3,0,2/17/2020,None,No,0,,Quad Level,45 X 125,5625,,,,,,,
497,1047,Cleveland,55,7,1,1,1.5,60000,265000,279900,70,0,3,2,2/18/2020,Detached,No,0,,Other,39X127,4953,,,,,,,
498,1048,GOLF,55,8,2,0,1.5,60000,410000,425000,76,0,3,3,2/19/2020,Detached,No,0,,Other,55X125,6875,,,,,,,
499,1049,Crawford,55,7,1,0,1,60000,270000,282000,77,0,3,0,2/20/2020,None,No,0,,Ranch,50X120,6000,,,,,,,
500,1050,Tripp,55,10,2,0,1,60000,296000,309900,79,1,3,0,2/21/2020,None,Yes,1260,1260,Ranch,33X123,4059,,,,,,,
501,1051,Brown,55,11,2,0,1.5,60000,279000,279000,79,0,2,2,2/22/2020,Detached,Yes,1117,,Bungalow,40X152,6080,,,,,,,
502,1052,Lockwood,55,8,3,0,1,60000,302000,319000,79,1,3,2.5,2/23/2020,Detached,Yes,1225,,Step Ranch,0.11,4791.6,,,,,,,
503,1053,Main,55,5,1,2,1,60000,291500,308800,80,0,3,1.5,2/24/2020,Detached,Yes,0,,Step Ranch,50 X 106,5300,,,,,,,
504,1054,Kostner,55,7,2,0,1.5,60000,310000,324000,82,0,3,2.5,2/25/2020,Detached,No,0,,Other,125X50,6250,,,,,,,
505,1055,Springfield,55,7,1,1,1,60000,230000,260000,82,0,3,0,2/26/2020,None,No,0,,Ranch,66 X 123,8118,,,,,,,
506,1056,Kedvale,55,10,4,1,2,60000,460000,469900,83,0,4,2,2/27/2020,Attached,Yes,0,,Other,85 X 122 X 85 X 122,10370,,,,,,,
507,1057,Grove,55,10,3,0,1.5,60000,454000,469000,85,0,5,1,2/28/2020,Attached,Yes,0,,Contemporary,55X125,6875,,,,,,,
508,1058,Kolmar,55,9,2,0,1.5,60000,258000,279000,88,0,4,0,2/29/2020,None,No,0,,Tri-Level,41X123,5043,,,,,,,
509,1059,Lee,55,9,2,0,1.5,60000,290000,299900,88,0,4,2.5,3/1/2020,Attached,No,0,,Quad Level,34 X 123,4182,,,,,,,
510,1060,Kolmar,55,10,4,0,2,60000,467500,485000,90,0,4,2,3/2/2020,Attached,Yes,0,,Colonial,66X122.9,8111.4,,,,,,,
511,1061,Conrad,55,9,2,1,2,60000,452000,469800,95,0,4,2,3/3/2020,Attached,No,0,,Contemporary,"6,077","6,077",,,,,,,
512,1062,Hamlin,55,7,2,0,1,60000,290000,299900,97,0,3,2,3/4/2020,Detached,No,0,,Step Ranch,43 X123,5289,,,,,,,
513,1063,Greenleaf,55,7,1,2,1,60000,258000,272000,99,0,3,0,3/5/2020,None,Yes,0,,Ranch,40X124,4960,,,,,,,
514,1064,KOSTNER,55,7,2,0,1.5,60000,315000,319000,99,0,3,2,3/6/2020,Detached,No,0,,Bi-Level,35 X 122,4270,,,,,,,
515,1065,Greenleaf,55,8,2,0,1,60000,388000,399000,99,0,3,2,3/7/2020,Detached,No,0,,Ranch,7440,7440,,,,,,,
516,1066,Tripp,55,8,2,0,1.5,60000,333000,349000,103,0,3,0,3/8/2020,None,No,1843,498,Tri-Level,45 X 131,5895,,,,,,,
517,1067,Kilpatrick,55,8,2,0,1.5,60000,390000,409900,104,0,4,0,3/9/2020,None,Yes,0,,Bi-Level,40X131,5240,,,,,,,
518,1068,Main,55,5,2,0,1,60000,259000,264000,107,0,2,0,3/10/2020,None,No,0,,Step Ranch,34X120,4080,,,,,,,
519,1069,Karlov,55,8,3,0,2,60000,350000,369000,111,0,4,2,3/11/2020,Detached,Yes,0,,Bungalow,33X123,4059,,,,,,,
520,1070,KEENEY,55,8,2,0,1,60000,242000,279500,117,0,3,2,3/12/2020,Attached,No,0,,Ranch,55 X 122,6710,,,,,,,
521,1071,Main,55,7,2,0,1.5,60000,295000,309900,118,0,3,0,3/13/2020,None,Yes,0,,Bi-Level,47 X 117,5499,,,,,,,
522,1072,Birchwood,55,11,3,0,2,60000,360000,365000,118,1,4,2,3/14/2020,Detached,Yes,0,,Other,40 X 125,5000,,,,,,,
523,1073,Keeney,55,10,1,1,1,60000,350000,375000,120,0,3,4,3/15/2020,Attached,No,0,,Other,89X123,10947,,,,,,,
524,1074,Kostner,55,7,2,0,2,60000,310000,319000,121,0,3,2,3/16/2020,Detached,No,0,,Other,4920,4920,,,,,,,
525,1075,KEDVALE,55,6,1,1,2,60000,328000,340000,121,0,3,1,3/17/2020,Attached,No,0,,Georgian,50X124,6200,,,,,,,
526,1076,Foster,55,6,1,1,1,60000,270000,287500,122,0,3,0,3/18/2020,None,No,0,,Ranch,58 X 123,7134,,,,,,,
527,1077,Harding,55,9,2,1,2,60000,440000,469900,125,0,4,1,3/19/2020,Detached,No,0,,Georgian,50X123,6150,,,,,,,
528,1078,Tamaroa,55,9,3,0,1,60000,385000,399000,126,1,3,2,3/20/2020,Attached,Yes,0,,Ranch,56X126,7056,,,,,,,
529,1079,Keeler,55,12,6,0,2,60000,940000,999900,126,0,5,2,3/21/2020,Attached,Yes,0,,Colonial,60X133,7980,,,,,,,
530,1080,Conrad,55,7,2,0,1.5,60000,430000,459000,129,0,3,2.5,3/22/2020,Detached,No,0,,Bi-Level,45X124,5580,,,,,,,
531,1081,LOWELL,55,6,2,0,1,60000,280000,289900,131,0,2,1,3/23/2020,Detached,No,0,,Ranch,50 X 122,6100,,,,,,,
532,1082,Kedvale,55,8,2,0,1,60000,260000,295000,141,1,3,2,3/24/2020,Detached,Yes,0,,Other,45 X 123,5535,,,,,,,
533,1083,Lavergne,55,7,2,0,1.5,60000,287000,299000,145,0,3,2.1,3/25/2020,Detached,Yes,0,,Bi-Level,40 X 123,4920,,,,,,,
534,1084,HARVARD,55,8,1,1,2,60000,305000,309900,146,0,3,2,3/26/2020,Detached,Yes,0,,Georgian,30X125,3750,,,,,,,
535,1085,Elm,55,10,3,1,1.5,60000,463000,485000,152,0,4,2,3/27/2020,Attached,Yes,2597,,Bi-Level,58X132,7656,,,,,,,
536,1086,Crawford,55,8,2,0,1,60000,255000,269000,156,1,3,2,3/28/2020,Detached,Yes,0,,Ranch,40X113,4520,,,,,,,
537,1087,Ridgeway,55,7,2,0,1,60000,252000,259900,156,0,3,2,3/29/2020,Attached,Yes,0,,Ranch,44X123X40X123,5412,,,,,,,
538,1088,Keeler,55,9,3,0,2,60000,330000,339000,164,1,3,3,3/30/2020,Detached,Yes,0,,Other,66X123,8118,,,,,,,
539,1089,Keystone,55,8,2,1,1,60000,455000,465000,165,0,4,2,3/31/2020,Detached,Yes,1874,,Ranch,60 X 131,7860,,,,,,,
540,1090,Keystone,55,10,3,0,2,60000,425000,450000,187,0,6,0,4/1/2020,None,No,0,,Other,68X133,9044,,,,,,,
541,1091,Kedvale,55,8,2,0,1,60000,375000,380000,192,1,3,2,4/2/2020,Attached,Yes,0,,Ranch,58X123,7134,,,,,,,
542,1092,ARCADIA,55,7,1,1,2,60000,285000,295000,204,0,3,1,4/3/2020,Attached,No,0,,Georgian,45 X 133,5985,,,,,,,
543,1093,Sherwin,55,10,3,0,2,60000,395000,425000,204,1,5,2,4/4/2020,Detached,Yes,0,,English,40 X125,5000,,,,,,,
544,1094,Kilbourn,55,10,3,1,1,60000,435000,489900,213,1,4,2,4/5/2020,Attached,Yes,0,,Other,60X117,7020,,,,,,,
545,1095,Brown,55,14,5,1,2,60000,1175000,1224900,230,1,4,3.5,4/6/2020,Detached,Yes,4800,2700,Contemporary,80X152,12160,,,,,,,
546,1096,Grove,55,8,2,1,1.5,60000,408000,430000,237,1,3,1.5,4/7/2020,Attached,Yes,0,,Tri-Level,7315 SQ FT,7315,,,,,,,
547,1097,Howard,55,8,3,1,2,60000,373000,390000,264,0,3,0,4/8/2020,None,Yes,0,,Other,50X119,5950,,,,,,,
548,1098,Oakton,55,11,4,0,2,60000,475000,499000,310,0,5,3,4/9/2020,Detached,Yes,0,,Victorian,66X148,9768,,,,,,,
549,1099,Kedvale,55,10,3,0,1,60000,299900,299900,347,0,3,0,4/10/2020,None,Yes,1400,,Other,55X131,7205,,,,,,,
550,1100,Latrobe,55,7,2,0,1,60000,305000,319900,411,0,3,2,4/11/2020,Detached,Yes,0,,Step Ranch,45X125,5625,,,,,,,
551,1101,GREENLEAF,55,9,3,0,1,60000,347500,359000,459,1,3,0,4/12/2020,None,Yes,0,,Ranch,42 X 125,5250,,,,,,,
552,1212,17th,66,9,2,1,2,60000,725000,725000,1,0,4,2,4/13/2020,Detached,No,2286,798,Other,50 X 128,6400,,,,,,,
553,1213,Greenwood,66,9,1,2,2,60000,679000,679000,1,0,3,2,4/14/2020,Detached,No,0,,Colonial,50 X 122,6100,,,,,,,
554,1214,Catalpa,66,7,1,0,1,60000,390000,425000,1,0,3,2,4/15/2020,Detached,No,0,,Other,50X125,6250,,,,,,,
555,1215,CENTRAL,66,13,4,1,3,60000,1305000,1399000,1,1,5,2,4/16/2020,Detached,Yes,0,0,American 4-Sq.,50X210,10500,,,,,,,
556,1216,ASHLAND,66,9,4,1,2,60000,1060000,1095000,3,0,4,2,4/17/2020,Attached,Yes,0,,Colonial,110X97X112X173,10670,,,,,,,
557,1217,Leclaire,66,6,1,1,1,60000,262000,275000,3,0,3,2,4/18/2020,Detached,No,0,,Ranch,40X132,5280,,,,,,,
558,1218,HAWTHORN,66,8,3,0,1,60000,575000,585000,3,1,3,1,4/19/2020,Attached,Yes,0,,Ranch,62 X 138,8556,,,,,,,
559,1219,Prairie,66,8,3,1,2,60000,835000,875000,4,0,4,1,4/20/2020,Detached,Yes,0,,Other,50X87,4350,,,,,,,
560,1220,Greenleaf,66,8,2,1,2,60000,730000,740000,4,0,4,1,4/21/2020,Attached,No,0,,Other,50 X 124,6200,,,,,,,
561,1221,Laurel,66,10,2,1,2,60000,595000,599000,5,0,4,2,4/22/2020,Detached,No,2690,,Other,65X130X65X125,8450,,,,,,,
562,1222,Lake,66,8,1,1,3,60000,650000,650000,5,0,4,2,4/23/2020,Detached,No,0,,Victorian,50X200,10000,,,,,,,
563,1223,Maple,66,8,2,1,2,60000,765000,765000,6,0,4,2,4/24/2020,Detached,No,0,,Other,50X166,8300,,,,,,,
564,1224,Highcrest,66,9,2,1,2,60000,664000,675000,7,0,3,2,4/25/2020,Attached,No,2462,654,Other,75'X140',10500,,,,,,,
565,1225,Kenilworth,66,10,3,1,3,60000,850000,850000,9,0,4,2,4/26/2020,Detached,No,0,,English,50 X 134,6700,,,,,,,
566,1226,Lamon,66,7,2,1,1.5,60000,301000,279000,9,0,3,2,4/27/2020,Detached,Yes,0,,Bi-Level,65X117,7605,,,,,,,
567,1227,Elmwood,66,8,2,0,2,60000,518000,535000,9,0,4,1,4/28/2020,Attached,No,0,,Colonial,62X137,8494,,,,,,,
568,1228,Oak,66,7,1,1,2,60000,540000,549000,10,0,3,2,4/29/2020,Detached,No,0,,Bungalow,75 X 100 X 72 X 80,7500,,,,,,,
569,1229,Thornwood,66,6,2,1,2,60000,490000,449000,12,0,3,1,4/30/2020,Detached,No,0,,Other,50 X 122,6100,,,,,,,
570,1230,Thornwood,66,11,3,1,2,60000,830000,830000,13,1,3,2,5/1/2020,Detached,Yes,2230,1080,Tudor,50X122,6100,,,,,,,
571,1231,Lockerbie,66,8,3,0,1,60000,400000,375000,14,0,3,2,5/2/2020,Attached,No,0,,Ranch,75X182,13650,,,,,,,
572,1232,15th,66,7,1,1,3,60000,460000,479000,16,0,3,0,5/3/2020,None,No,0,,Farmhouse,35X122,4270,,,,,,,
573,1233,Lacrosse,66,7,2,0,1,60000,300000,335000,18,0,4,0,5/4/2020,None,No,0,,Ranch,128X110X54X113,14080,,,,,,,
574,1234,Iroquois,66,13,2,1,2,60000,980000,1049000,21,0,4,2.1,5/5/2020,Attached,No,0,,Other,62 X 143 X 25 X 160,8866,,,,,,,
575,1235,Lacrosse,66,9,2,1,1.5,60000,515000,529900,22,0,4,2,5/6/2020,Detached,No,0,,Tri-Level,5280,5280,,,,,,,
576,1236,Bunker,66,7,2,0,1,60000,623700,659000,22,0,3,2,5/7/2020,Attached,No,0,,Ranch,140X135,18900,,,,,,,
577,1237,Wood,66,6,1,1,2,60000,420000,445000,23,0,3,2,5/8/2020,Detached,No,0,,Traditional,50X125,6250,,,,,,,
578,1238,Westwood,66,10,2,1,2,60000,675000,725000,27,0,4,2,5/9/2020,Attached,No,0,,Other,74X114,8436,,,,,,,
579,1239,wilshire,66,10,3,0,1,60000,505000,535000,30,1,3,2.1,5/10/2020,Detached,Yes,0,,Ranch,60 X 190,11400,,,,,,,
580,1240,Pomona,66,11,4,1,2,60000,1340000,1575000,30,1,4,3,5/11/2020,Attached,Yes,0,0,Other,62X179,11098,,,,,,,
581,1241,Lake,66,9,3,0,2,60000,675000,725000,34,0,4,0,5/12/2020,None,No,0,,Victorian,100 X 125,12500,,,,,,,
582,1242,Laporte,66,8,2,0,1.5,60000,388000,420000,34,0,4,2,5/13/2020,Detached,Yes,0,,Tri-Level,60 X 132,7920,,,,,,,
583,1243,Sandy,66,11,2,1,1.5,60000,545000,575000,34,0,4,2,5/14/2020,Attached,No,0,,Tri-Level,7905,7905,,,,,,,
584,1244,Westmoreland,66,7,2,0,1.5,60000,350000,389900,42,0,3,1,5/15/2020,Attached,Yes,0,,Tri-Level,41X115X130X161,4715,,,,,,,
585,1245,Greenleaf,66,8,2,0,1,60000,600000,619000,46,0,3,2,5/16/2020,Attached,No,1725,,Cottage,72X124X72X119,8928,,,,,,,
586,1246,Pontiac,66,7,2,1,1,60000,716000,749000,47,0,3,2,5/17/2020,Attached,Yes,0,,Ranch,60 X 145,8700,,,,,,,
587,1247,Gregory,66,7,2,0,1.5,60000,397500,425000,49,0,3,2.5,5/18/2020,Detached,Yes,0,600,Bi-Level,50X157,7850,,,,,,,
588,1248,Lake,66,5,1,0,1.5,60000,362500,370000,50,0,2,2.5,5/19/2020,Detached,No,0,,Farmhouse,62.37 X 187.30,11681.901,,,,,,,
589,1249,Forest,66,9,3,0,2,60000,765000,799000,56,0,4,3,5/20/2020,Detached,Yes,0,,Other,50 X 174,8700,,,,,,,
590,1250,Illinois,66,8,2,1,1,60000,350000,575000,57,0,3,1,5/21/2020,Attached,No,0,,Ranch,89 X 390 X 308,34710,,,,,,,
591,1251,Sheridan,66,10,4,1,3,60000,790000,819900,64,0,4,2,5/22/2020,Attached,Yes,0,,Georgian,95 X 142 X 68 X 142,13490,,,,,,,
592,1252,Schiller,66,8,1,1,2,60000,507500,545000,65,0,3,3,5/23/2020,Attached,No,0,,Other,50X178,8900,,,,,,,
593,1253,Greenwood,66,10,2,1,2,60000,785000,795000,65,0,4,2,5/24/2020,Detached,No,0,,Colonial,50' X 123',6150,,,,,,,
594,1254,Miami,66,9,2,2,2,60000,955000,995000,66,0,3,2,5/25/2020,Attached,Yes,0,,Colonial,60 X 134,8040,,,,,,,
595,1255,Laurel,66,13,5,0,2,60000,935000,978000,74,1,5,2,5/26/2020,Attached,Yes,0,,Traditional,55 X 136,7480,,,,,,,
596,1256,Walnut,66,11,3,0,1.5,60000,875000,899000,74,0,5,2,5/27/2020,Detached,Yes,0,,Bungalow,50 X 140,7000,,,,,,,
597,1257,10th,66,10,2,2,2,60000,885000,950000,75,0,4,2,5/28/2020,Detached,Yes,0,,Farmhouse,50X150,7500,,,,,,,
598,1258,Pomona,66,16,6,1,3,60000,1750000,1850000,76,2,6,2,5/29/2020,Attached,Yes,0,,Other,53 X 179.42,9509.26,,,,,,,
599,1259,Maple,66,14,4,1,3,60000,1140000,1199000,76,1,5,2,5/30/2020,Detached,Yes,0,,Other,50 X 171,8550,,,,,,,
600,1260,Forest,66,14,3,1,2,60000,1100000,1185000,82,0,6,2,5/31/2020,Detached,No,0,,Traditional,50 X 185.2,9260,,,,,,,
601,1261,Pinecrest,66,6,5,1,3,60000,1623000,1679000,96,1,5,2,6/1/2020,Attached,Yes,0,,Colonial,75X135,10125,,,,,,,
602,1262,Birchwood,66,7,1,2,1.5,60000,380000,429000,98,0,3,2,6/2/2020,Attached,Yes,0,,Bi-Level,68X129X68X129,8772,,,,,,,
603,1263,Iroquois,66,9,2,2,2,60000,775000,824950,104,0,4,2,6/3/2020,Attached,Yes,0,,Other,78X109,8502,,,,,,,
604,1264,Greenwood,66,15,5,1,3,60000,1575000,1650000,105,0,5,2,6/4/2020,Detached,Yes,0,,Traditional,61 X 177,10797,,,,,,,
605,1265,16th,66,9,3,0,1.5,60000,410000,430000,108,0,4,1,6/5/2020,Detached,Yes,0,,Other,42 X 130,5460,,,,,,,
606,1266,Riverside,66,10,2,1,2,60000,550000,579000,118,0,4,2,6/6/2020,Attached,No,4342,,Colonial,86 X 99,8514,,,,,,,
607,1267,Wilmette,66,8,2,0,1.5,60000,492500,499000,131,0,3,2,6/7/2020,Detached,No,0,,Other,44X125,5500,,,,,,,
608,1268,Millbrook,66,8,2,1,1.5,60000,470000,499000,135,0,3,1,6/8/2020,Attached,No,0,,Other,137 X 61X 1 38X 67,8357,,,,,,,
609,1269,Prairie,66,14,5,1,4,60000,1550000,1639000,144,0,5,2,6/9/2020,Detached,Yes,0,,Farmhouse,49.54X189.26,9375.9404,,,,,,,
610,1270,Oakwood,66,11,2,1,3,60000,525000,565000,158,0,5,1.5,6/10/2020,Detached,No,0,,Other,50 X 149.50,7475,,,,,,,
611,1271,16th,66,10,3,0,2,60000,725000,725000,161,0,4,2,6/11/2020,Detached,No,0,,Tudor,45 X 130,5850,,,,,,,
612,1272,Sheridan,66,11,2,1,2,60000,715000,815000,183,0,4,2,6/12/2020,Attached,No,0,,Other,75 X 150,11250,,,,,,,
613,1273,Meadow,66,10,2,0,1,60000,480000,525000,183,0,4,2,6/13/2020,Attached,No,0,,Ranch,90X125,11250,,,,,,,
614,1274,Oak,66,8,1,1,3,60000,465000,499000,185,0,3,1,6/14/2020,Detached,No,0,,Traditional,88X66X35X66,5808,,,,,,,
615,1275,Mohawk,66,12,4,1,2,60000,1875000,1995000,205,0,5,2,6/15/2020,Attached,Yes,0,,English,210 X 100,21000,,,,,,,
616,1276,GREGORY,66,9,3,0,1,60000,585000,599000,208,2,2,2.5,6/16/2020,Detached,Yes,1300,,Ranch,50X157,7850,,,,,,,
617,1277,LAKE,66,7,2,0,1.5,60000,360000,389900,214,0,3,2,6/17/2020,Detached,Yes,0,,Tri-Level,50X130,6500,,,,,,,
618,1278,21st,66,9,3,1,2,60000,907500,949000,217,0,4,2,6/18/2020,Attached,No,0,,Colonial,84 X 72,6048,,,,,,,
619,1279,16th,66,9,2,1,2,60000,655000,649000,255,0,4,1,6/19/2020,Attached,No,0,,Other,50X125,6250,,,,,,,
620,1280,Indianwood,66,12,4,1,2,60000,955000,999000,284,0,5,2,6/20/2020,Attached,No,0,,Other,38X188X168X110,7144,,,,,,,
621,1281,Wilmette,66,13,4,1,2,60000,700000,785000,610,0,5,2,6/21/2020,Detached,Yes,0,,Colonial,61X166,10126,,,,,,,
622,1282,Highland,66,8,3,1,2,60000,616000,649900,752,0,4,2.5,6/22/2020,Detached,Yes,0,,Colonial,49 X 133 X 49 X 133,6517,,,,,,,
623,1393,Michigan,77,13,3,1,3,60000,875000,998000,1,0,6,2,6/23/2020,Attached,No,0,,Queen Anne,52X150,7800,,,,,,,
624,1394,Prospect,77,9,1,2,2,60000,540000,549900,1,0,3,1,6/24/2020,Attached,Yes,0,,Colonial,47X122,5734,,,,,,,
625,1395,Florence,77,5,2,0,2,60000,408000,439000,1,0,2,1.5,6/25/2020,Detached,Yes,0,,Farmhouse,50 X 170,8500,,,,,,,
626,1396,Davis,77,8,2,1,1,60000,670000,850000,1,0,3,0,6/26/2020,None,No,0,,Contemporary,60 X 214,12840,,,,,,,
627,1397,Maple,77,11,2,1,3,60000,1025000,1025000,1,0,6,2,6/27/2020,Detached,No,0,,Victorian,50X156,7800,,,,,,,
628,1398,Brown,77,8,2,0,1,60000,375000,380000,2,1,3,2,6/28/2020,Detached,Yes,0,1100,Other,170X50,8500,,,,,,,
629,1399,Greenwood,77,8,2,1,2,60000,749000,749000,2,0,3,1,6/29/2020,Attached,No,0,,Colonial,70 X 108,7560,,,,,,,
630,1400,Ewing,77,8,1,1,2,60000,560000,565000,3,0,3,1,6/30/2020,Detached,No,0,,Colonial,40X150,6000,,,,,,,
631,1401,Forest,77,11,4,2,2,60000,2340000,2300000,3,0,4,0,7/1/2020,None,Yes,0,,Other,122 X 137,16714,,,,,,,
632,1402,Elmwood,77,10,2,1,3,60000,845000,825000,3,0,5,2,7/2/2020,Detached,No,3151,,American 4-Sq.,50' X 169',8450,,,,,,,
633,1403,Emerson,77,9,3,0,2,60000,325000,330000,4,0,3,2,7/3/2020,Detached,Yes,0,,Other,50X153,7650,,,,,,,
634,1404,Sheridan,77,10,2,2,2,60000,1050000,1100000,4,0,4,4,7/4/2020,Attached,Yes,0,,Other,201 X 157,31557,,,,,,,
635,1405,Princeton,77,7,1,1,1.5,60000,380000,380000,5,0,3,1,7/5/2020,Attached,Yes,0,,Contemporary,6600,6600,,,,,,,
636,1406,FLORENCE,77,11,2,1,2,60000,435000,450000,5,0,4,2,7/6/2020,Detached,Yes,0,,Farmhouse,41 X 171.60,7035.6,,,,,,,
637,1407,Noyes,77,10,3,1,2,60000,899000,929000,6,0,4,3,7/7/2020,Detached,No,3026,927,Colonial,50X150,7500,,,,,,,
638,1408,Grey,77,8,3,1,2,60000,507500,515000,6,0,2,1,7/8/2020,Attached,Yes,0,,Other,70X45X70X45,3150,,,,,,,
639,1409,FOWLER,77,6,2,0,1,60000,280900,284900,6,0,3,0,7/9/2020,None,Yes,0,,Bungalow,30X130,3900,,,,,,,
640,1410,Hamlin,77,10,2,1,2,60000,767000,769000,6,0,4,2,7/10/2020,Attached,No,0,,Other,60X130,7800,,,,,,,
641,1411,Asbury,77,6,2,0,1,60000,245000,250000,6,1,2,2,7/11/2020,Detached,Yes,0,0,Other,50 X164.,8200,,,,,,,
642,1412,Judson,77,15,4,2,3,60000,1750000,1800000,7,0,6,2,7/12/2020,Detached,Yes,0,,Other,120X148X97X139,17760,,,,,,,
643,1413,Ridge,77,8,1,1,3,60000,435000,445000,7,0,3,2,7/13/2020,Detached,No,1527,,Farmhouse,25X155,3875,,,,,,,
644,1414,Keeney,77,7,2,0,1.5,60000,342500,350000,7,0,3,2,7/14/2020,Detached,Yes,0,,Bi-Level,43X124,5332,,,,,,,
645,1415,Leonard,77,9,2,0,2,60000,649000,649000,8,0,4,2,7/15/2020,Detached,No,0,,Colonial,54X149X40X146,8046,,,,,,,
646,1416,Oakton,77,6,1,0,2,60000,299000,275000,8,0,3,2,7/16/2020,Detached,No,0,,Other,7500,7500,,,,,,,
647,1417,Asbury,77,5,1,1,1,60000,279900,279900,9,0,3,2.5,7/17/2020,Detached,No,1222,,Ranch,44X125,5500,,,,,,,
648,1418,Harrison,77,11,2,0,3,60000,705000,715000,11,0,4,2.5,7/18/2020,Detached,No,0,,Prairie,50X133,6650,,,,,,,
649,1419,Eastwood,77,9,2,0,2,60000,567500,574900,11,0,3,2,7/19/2020,Detached,No,0,,Other,55.06X200,11012,,,,,,,
650,1420,Cleveland,77,8,1,1,2,60000,435000,449000,12,0,3,2.5,7/20/2020,Detached,No,2180,,Georgian,45 X 125,5625,,,,,,,
651,1421,Greenwood,77,15,4,0,3,60000,1610000,1650000,13,0,6,3,7/21/2020,Detached,No,6760,1980,Queen Anne,90X180,16200,,,,,,,
652,1422,MCDANIEL,77,7,2,0,2,60000,377000,389000,13,0,3,2,7/22/2020,Detached,No,0,,Traditional,41X120,4920,,,,,,,
653,1423,Dewey,77,6,1,1,2,60000,289000,289000,14,0,3,2,7/23/2020,Detached,No,0,,Other,163 X 25,4075,,,,,,,
654,1424,Williamsburg,77,6,1,1,3,60000,353000,369000,15,0,3,1.5,7/24/2020,Attached,No,0,,Other,59X125X58X129,7375,,,,,,,
655,1425,Lincolnwood,77,8,2,0,1,60000,490000,500000,16,2,2,1,7/25/2020,Attached,Yes,0,,Ranch,60 X 131,7860,,,,,,,
656,1426,MAIN,77,7,1,0,1,60000,177000,174900,16,0,3,1,7/26/2020,Attached,No,0,,Ranch,50X121,6050,,,,,,,
657,1427,Harrison,77,9,2,1,2,60000,698750,735000,21,0,3,2,7/27/2020,Attached,No,0,,Cape Cod,90X125,11250,,,,,,,
658,1428,Forestview,77,8,2,0,2,60000,305000,325000,21,0,3,0,7/28/2020,None,Yes,0,,Other,7219,7219,,,,,,,
659,1429,Prairie,77,10,2,0,2,60000,529000,529000,22,0,3,2,7/29/2020,Attached,Yes,0,0,Other,50X177X50X174,8850,,,,,,,
660,1430,Greenwood,77,7,1,1,1,60000,282500,299000,24,0,3,2,7/30/2020,Attached,No,0,,Other,"10,620","10,620",,,,,,,
661,1431,Cleveland,77,4,1,0,1,60000,240000,254900,26,0,2,2.5,7/31/2020,Detached,No,0,,Ranch,5000,5000,,,,,,,
662,1432,Ewing,77,6,1,0,2,60000,182500,250000,27,0,3,0,8/1/2020,None,No,0,,Traditional,55' X 50',2750,,,,,,,
663,1433,Cleveland,77,7,2,0,1,60000,440000,449000,27,0,3,2,8/2/2020,Detached,No,0,,Other,30X136,4080,,,,,,,
664,1434,Ashland,77,12,3,1,2,60000,865000,875000,28,1,4,2,8/3/2020,Detached,Yes,0,,Other,30 X 176,5280,,,,,,,
665,1435,Lincoln,77,9,2,1,2,60000,675000,699000,29,0,4,1,8/4/2020,Attached,No,0,,French Provincial,50X120,6000,,,,,,,
666,1436,Grey,77,8,2,0,1,60000,290000,299000,30,0,3,2,8/5/2020,Detached,Yes,0,,Ranch,50X170,8500,,,,,,,
667,1437,Marcy,77,6,2,0,1.5,60000,560000,639000,30,0,2,1,8/6/2020,Attached,No,0,,Other,72X68,4896,,,,,,,
668,1438,Hartzell,77,9,2,0,2,60000,675000,695000,31,0,3,1,8/7/2020,Detached,No,0,,Bungalow,50X150,7500,,,,,,,
669,1439,Fowler,77,10,2,1,1,60000,437500,450000,32,0,4,2,8/8/2020,Detached,Yes,0,,Other,8484,8484,,,,,,,
670,1440,Ashland,77,8,1,1,2,60000,493000,499999,34,0,3,2,8/9/2020,Detached,No,0,,Other,33X133,4389,,,,,,,
671,1441,Monroe,77,11,3,0,2,60000,540000,549900,35,0,4,1.5,8/10/2020,Detached,Yes,0,,Other,30 X 125,3750,,,,,,,
672,1442,Mulford,77,10,3,1,2,60000,615000,650000,38,0,5,2,8/11/2020,Attached,No,2558,,Bungalow,38X153,5814,,,,,,,
673,1443,Ewing,77,7,1,1,2,60000,567500,598900,42,0,3,2,8/12/2020,Detached,No,0,,Farmhouse,50 X 136,6800,,,,,,,
674,1444,Hinman,77,8,2,1,3,60000,710000,795000,43,0,5,3,8/13/2020,Detached,No,0,,Traditional,167X50X165X85,8350,,,,,,,
675,1445,CHURCH,77,9,2,0,1.5,60000,192000,190000,48,0,3,2,8/14/2020,Detached,No,960,,Bi-Level,32X120,3840,,,,,,,
676,1446,Dempster,77,7,2,0,1,60000,389750,399500,52,1,3,3,8/15/2020,Detached,Yes,0,,Ranch,38 X 135,5130,,,,,,,
677,1447,Sheridan,77,8,2,0,1,60000,515000,550000,54,0,3,2,8/16/2020,Attached,No,0,,Ranch,80 X 154,12320,,,,,,,
678,1448,Hinman,77,7,3,0,2,60000,910000,939000,55,0,3,4,8/17/2020,Detached,No,0,,Victorian,50 X 190,9500,,,,,,,
679,1449,Sherman,77,9,2,2,2,60000,649000,675000,55,0,4,1,8/18/2020,Attached,Yes,0,,Colonial,50 X 83,4150,,,,,,,
680,1450,Rosalie,77,8,2,1,2,60000,625000,695000,59,0,3,2,8/19/2020,Detached,No,0,,Other,50X150,7500,,,,,,,
681,1451,CRAWFORD,77,8,2,1,2,60000,445000,465000,61,1,3,1,8/20/2020,Attached,No,1956,,Colonial,60X123,7380,,,,,,,
682,1452,Crawford,77,8,2,0,1,60000,375000,385000,62,1,3,2,8/21/2020,Detached,No,0,,Other,50X115,5750,,,,,,,
683,1453,Livingston,77,11,2,1,2,60000,718000,765000,63,0,4,2,8/22/2020,Detached,No,0,,Farmhouse,40X165,6600,,,,,,,
684,1454,Simpson,77,9,2,0,3,60000,485000,519000,64,0,5,0,8/23/2020,None,No,0,,Farmhouse,50 X 70,3500,,,,,,,
685,1455,DEMPSTER,77,9,2,0,2,60000,372000,420000,66,0,5,1,8/24/2020,Detached,No,0,,Victorian,40 X 75,3000,,,,,,,
686,1456,Laurel,77,7,2,0,2,60000,273000,270000,68,0,3,2,8/25/2020,Detached,Yes,0,,Georgian,30 X 126,3780,,,,,,,
687,1457,Garrison,77,14,3,2,3,60000,900000,965000,71,0,4,2,8/26/2020,Detached,Yes,2443,965,Traditional,47 X 130,6110,,,,,,,
688,1458,Grant,77,7,2,0,1.5,60000,510000,515000,72,0,3,2,8/27/2020,Detached,Yes,0,,Other,33X165,5445,,,,,,,
689,1459,Ridge,77,12,3,1,3,60000,1044000,1149000,77,0,5,3,8/28/2020,Detached,Yes,0,,Victorian,72 X 149,10728,,,,,,,
690,1460,Madison,77,7,2,0,2,60000,355000,384500,85,0,3,1,8/29/2020,Attached,Yes,0,,Other,45X125,5625,,,,,,,
691,1461,Central,77,5,1,0,1,60000,290000,319000,88,0,2,1,8/30/2020,Attached,No,0,,Ranch,7980 SQ.FT,7980,,,,,,,
692,1462,Arcadia,77,8,2,0,1,60000,321500,330000,91,1,3,0,8/31/2020,None,No,0,,Ranch,27X125X69X133,3375,,,,,,,
693,1463,Dobson,77,6,1,0,2,60000,287500,299000,97,0,3,2,9/1/2020,Detached,No,0,,Georgian,35 X 124,4340,,,,,,,
694,1464,Orrington,77,9,3,1,3,60000,775000,799900,98,0,5,2,9/2/2020,Detached,No,0,,Traditional,36X161,5796,,,,,,,
695,1465,Colfax,77,8,3,1,2,60000,685000,724900,104,1,3,1,9/3/2020,Detached,Yes,0,,Other,75X76,5700,,,,,,,
696,1466,Foster,77,10,2,1,2,60000,585000,599000,116,0,4,1,9/4/2020,Attached,No,0,,Colonial,131 X 61,7991,,,,,,,
697,1467,Marcy,77,10,3,1,2,60000,700000,699000,117,0,4,2,9/5/2020,Detached,Yes,0,,Colonial,60X145,8700,,,,,,,
698,1468,Thayer,77,6,2,1,2,60000,431000,424900,128,0,3,1.5,9/6/2020,Detached,No,0,,American 4-Sq.,35 X 151,5285,,,,,,,
699,1469,HARTREY,77,6,1,0,1,60000,223900,227900,132,0,2,2,9/7/2020,Attached,No,0,,Ranch,33 X 170,5610,,,,,,,
700,1470,FOREST,77,10,3,1,3,60000,930000,950000,136,0,6,2,9/8/2020,Detached,No,4400,1748,Other,50 X 150,7500,,,,,,,
701,1471,Marcy,77,8,2,1,2,60000,570000,595000,145,0,4,1,9/9/2020,Attached,No,0,,Colonial,42X123,5166,,,,,,,
702,1472,Main,77,9,3,0,2,60000,550000,575000,146,0,4,2,9/10/2020,Detached,No,0,,Victorian,47 X 170,7990,,,,,,,
703,1473,Hinman,77,12,2,1,2,60000,700000,740000,148,0,6,3,9/11/2020,Detached,No,0,,Other,82.5 X 190,15675,,,,,,,
704,1474,Emerson,77,6,2,0,2,60000,310000,320000,158,0,3,2,9/12/2020,Detached,No,0,,Other,3750,3750,,,,,,,
705,1475,PAYNE,77,6,2,0,2,60000,425000,450000,168,0,3,1,9/13/2020,Detached,No,0,,Bungalow,41X180,7380,,,,,,,
706,1476,Sherman,77,10,3,1,2,60000,414900,414900,185,1,3,2.5,9/14/2020,Detached,Yes,0,809,Queen Anne,35 X 122,4270,,,,,,,
707,1477,Ashland,77,8,2,1,1.5,60000,223500,275000,188,1,2,0,9/15/2020,None,Yes,0,,Farmhouse,25X100,2500,,,,,,,
708,1478,Avers,77,9,2,1,2,60000,632000,675000,203,0,4,2,9/16/2020,Attached,No,0,,Colonial,60 X 131,7860,,,,,,,
709,1479,Roslyn,77,11,4,1,3,60000,925000,1050000,222,0,5,2,9/17/2020,Attached,No,0,,English,78 X 137,10686,,,,,,,
710,1480,Arcadia,77,7,2,0,1.5,60000,345000,359900,245,0,3,1,9/18/2020,Attached,Yes,0,,Bi-Level,55 X 120,6600,,,,,,,
711,1481,Orrington,77,15,4,0,3,60000,980000,980000,254,0,7,3,9/19/2020,Detached,No,0,,Victorian,50 X 211,10550,,,,,,,
712,1482,Fowler,77,8,2,0,2,60000,343000,344999,284,0,4,2,9/20/2020,Detached,No,0,,Other,6800 SQ FT,6800,,,,,,,
713,1483,Harding,77,7,1,1,2,60000,330000,369000,358,0,3,1,9/21/2020,Attached,No,0,,Other,71X131,9301,,,,,,,
714,1484,Sherman,77,8,2,0,2,60000,500000,489900,405,1,4,0,9/22/2020,None,No,0,,Other,1617,1617,,,,,,,
715,1485,WARREN,77,8,2,0,1,60000,265000,265000,432,1,3,2,9/23/2020,Detached,Yes,0,,Ranch,38 X 125 X 44 X125,4750,,,,,,,
716,1526,Lawndale,81,8,1,1,2,60000,450000,499000,1,0,3,2,9/24/2020,Detached,No,0,,Georgian,105X115,12075,,,,,,,
717,1527,Keeler,81,6,2,0,1.5,60000,245000,350000,2,0,3,0,9/25/2020,None,Yes,0,,Other,50X131,6550,,,,,,,
718,1528,Fitch,81,6,2,1,1.5,60000,375000,375000,3,0,3,1,9/26/2020,Attached,Yes,1486,,Tri-Level,45X132,5940,,,,,,,
719,1529,Knox,81,8,1,1,1,60000,305000,325000,4,0,2,1,9/27/2020,Attached,No,0,0,Ranch,132X65,8580,,,,,,,
720,1530,Karlov,81,6,2,0,1,60000,407500,429000,5,0,2,1.5,9/28/2020,Attached,No,1203,1203,Ranch,70 X 123,8610,,,,,,,
721,1531,Kostner,81,9,2,1,2,60000,435000,419000,5,0,4,2,9/29/2020,Attached,No,0,,Other,50X126,6300,,,,,,,
722,1532,Kenton,81,7,2,0,1.5,60000,297000,295000,5,0,3,0,9/30/2020,None,Yes,1615,,Bi-Level,45X131,5895,,,,,,,
723,1533,Fitch,81,13,5,1,2,60000,850000,890000,6,2,5,3,10/1/2020,Attached,Yes,4120,1980,Other,60X126,7560,,,,,,,
724,1534,Keating,81,7,1,0,1,60000,337000,309900,6,0,3,1,10/2/2020,Attached,No,0,,Ranch,60 X 140,8400,,,,,,,
725,1535,Kedvale,81,10,3,0,1.5,60000,536500,547000,9,0,4,2,10/3/2020,Attached,No,0,,Other,68X131,8908,,,,,,,
726,1536,Devon,81,7,2,1,1.5,60000,335000,339000,10,0,3,1,10/4/2020,Attached,Yes,0,,Tri-Level,50 X 120,6000,,,,,,,
727,1537,Kenton,81,8,2,1,2,60000,385000,409900,10,0,3,1,10/5/2020,Detached,Yes,0,,Cottage,45X100,4500,,,,,,,
728,1538,Crawford,81,7,2,0,1,60000,236000,229900,10,0,3,2,10/6/2020,Attached,No,0,,Other,50 X 117,5850,,,,,,,
729,1539,Kilpatrick,81,10,2,1,1.5,60000,455000,450000,14,0,4,2,10/7/2020,Detached,Yes,0,,Bungalow,55X132,7260,,,,,,,
730,1540,Chase,81,9,2,0,1.5,60000,370000,387000,17,0,3,2,10/8/2020,Attached,Yes,0,,Other,50X132,6600,,,,,,,
731,1541,Kedvale,81,7,2,0,2,60000,287000,310000,24,0,3,2,10/9/2020,Detached,Yes,0,,Bi-Level,6089 SQ FEET,6086,,,,,,,
732,1542,Kilbourn,81,10,2,1,1,60000,700000,738000,29,0,4,2,10/10/2020,Attached,No,0,,Ranch,75X132,9900,,,,,,,
733,1543,Kilpatrick,81,8,2,1,2,60000,448000,535000,29,0,3,2,10/11/2020,Attached,Yes,2327,1011,French Provincial,75X139,10425,,,,,,,
734,1544,Pratt,81,5,1,0,2,60000,262500,289900,30,0,3,1,10/12/2020,Detached,No,0,,Other,50X128X50X128,6400,,,,,,,
735,1545,Christiana,81,6,2,0,2,60000,345000,359000,35,0,3,2,10/13/2020,Detached,No,0,,Other,0.0861,3750.516,,,,,,,
736,1546,DRAKE,81,7,2,0,2,60000,315000,329900,36,0,2,2,10/14/2020,Detached,Yes,0,,Georgian,33X124,4092,,,,,,,
737,1547,Cicero,81,7,2,0,1.5,60000,275000,299990,44,0,3,2,10/15/2020,Detached,No,0,,Other,45X118,5310,,,,,,,
738,1548,Keating,81,9,2,0,2,60000,430000,455000,44,0,3,2,10/16/2020,Attached,Yes,0,,Georgian,57 X 129,7353,,,,,,,
739,1549,Fitch,81,7,2,1,1.5,60000,280000,289900,50,0,3,0,10/17/2020,None,No,0,,Other,"5,400","5,400",,,,,,,
740,1550,Fitch,81,8,2,0,1,60000,351000,350000,51,0,4,2,10/18/2020,Detached,Yes,0,,Bungalow,29X125,3625,,,,,,,
741,1551,Kildare,81,7,1,1,1.5,60000,320000,339000,54,0,3,2,10/19/2020,Detached,No,0,,Other,45X123,5535,,,,,,,
742,1552,Keeler,81,14,4,1,2,60000,800000,825000,60,0,6,2,10/20/2020,Detached,Yes,0,,Other,60X124,7440,,,,,,,
743,1553,Minnehaha,81,13,3,0,1.5,60000,610000,629500,81,0,4,2,10/21/2020,Attached,No,2897,,Other,71X132,9372,,,,,,,
744,1554,Tripp,81,5,1,0,1,60000,289000,299000,91,0,2,1,10/22/2020,Detached,No,,,Mediter./Spanish,45 X 125,5625,,,,,,,
745,1555,Kedvale,81,7,2,1,1.5,60000,345000,365000,91,0,3,2,10/23/2020,Detached,Yes,0,,Other,45 X 120,5400,,,,,,,
746,1556,Kilpatrick,81,9,2,1,2,60000,480000,529999,96,1,3,1,10/24/2020,Attached,No,0,,Other,50X117,5850,,,,,,,
747,1557,Keating,81,7,2,0,2,60000,358000,379000,98,0,3,1,10/25/2020,Attached,No,0,,Georgian,45 X 132,5940,,,,,,,
748,1558,Columbia,81,7,2,0,2,60000,449000,449500,100,0,4,2,10/26/2020,Detached,No,0,,Georgian,60X122,7320,,,,,,,
749,1559,Greenleaf,81,8,2,0,1,60000,350000,375000,105,0,3,1,10/27/2020,Attached,No,2482,,Ranch,60X134,8040,,,,,,,
750,1560,East Prairie,81,9,4,1,2,60000,520000,549900,111,0,4,2,10/28/2020,Attached,Yes,0,,Contemporary,80 X 82,6560,,,,,,,
751,1561,Crawford,81,7,2,0,2,60000,355000,365000,112,0,3,2.5,10/29/2020,Detached,Yes,0,,Other,25 X 129,3225,,,,,,,
752,1562,Kildare,81,8,2,0,2,60000,370000,379900,115,0,4,2,10/30/2020,Attached,No,0,,Tudor,5580 SQR FT,5580,,,,,,,
753,1563,Keystone,81,8,2,0,1.5,60000,445000,459000,130,0,4,1,10/31/2020,Attached,Yes,0,,Tri-Level,50X129,6450,,,,,,,
754,1564,Pratt,81,13,5,0,2,60000,865000,890000,136,1,5,3,11/1/2020,Attached,Yes,4400,,Other,60 X 130,7800,,,,,,,
755,1565,Kilpatrick,81,11,4,1,1,60000,700000,729000,145,2,3,2,11/2/2020,Attached,Yes,0,,Other,100X131,13100,,,,,,,
756,1566,Kedvale,81,8,2,1,2,60000,417800,424900,149,0,3,2,11/3/2020,Attached,Yes,0,,Ranch,66X125,8250,,,,,,,
757,1567,Kenton,81,8,1,2,2,60000,353500,379000,150,0,3,1,11/4/2020,Attached,Yes,0,,Georgian,60 BY 120,7200,,,,,,,
758,1568,KIMBALL,81,9,3,1,2,60000,495000,499900,158,0,3,2,11/5/2020,Detached,Yes,0,,Georgian,5084 SQ. FT.,5084,,,,,,,
759,1569,LONGMEADOW,81,11,3,1,1,60000,645000,649000,161,1,4,2,11/6/2020,Attached,Yes,0,,Ranch,84 X 210,17640,,,,,,,
760,1570,Nokomis,81,12,5,1,2,60000,1300000,1399000,221,0,5,2,11/7/2020,Attached,Yes,5172,,Colonial,75X132,9900,,,,,,,
761,1571,Kenneth,81,6,2,0,1.5,60000,343500,349800,227,0,3,2,11/8/2020,Detached,No,0,,Other,0.25,10890,,,,,,,
762,1572,Navajo,81,9,3,1,1.5,60000,505000,525000,365,0,4,2,11/9/2020,Attached,No,0,768,Bi-Level,75 X 132,9900,,,,,,,
763,1573,KILPATRICK,81,8,3,0,2,60000,305000,325000,479,0,3,1,11/10/2020,Attached,Yes,0,,Cape Cod,45 X 125,5625,,,,,,,
1000,1110,Timberline,11,12,4,2,2,6000,1225000,1250000,386,0,5,2,12/13/2018,Attached,No,0,,Colonial,117 X 250 X 284 X 292,29250
1001,1111,Burr Oak,11,16,4,1,2,6000,1086000,1175000,755,0,6,3,12/14/2018,Attached,No,0,,Other,261 X 174 X 256 X 174,45414
1002,1112,Pinehurst,11,13,5,0,1,6000,1430000,1450000,60,1,4,2,12/15/2018,Attached,Yes,0,,Other,80 X 133 X 70 X 169,10640
1003,1113,Nora,11,11,3,0,2,6000,483000,499900,152,0,4,2,12/16/2018,Detached,No,0,,Traditional,40X136,5440
1004,1114,Central,11,11,6,0,2,6000,920000,950000,48,0,5,3,12/17/2018,Attached,Yes,7900,,Colonial,63X310,19530
1005,1115,Glenayre,11,15,5,1,2,6000,1220000,1399000,209,0,6,2,12/18/2018,Attached,No,0,,Colonial,107 X 208 X 122 X 212,22256
1006,1116,Michael Manor,11,8,2,0,1.5,6000,323000,340000,147,0,3,2.5,12/19/2018,Detached,Yes,1635,,Tri-Level,10050,10050
1007,1117,Robincrest,11,11,5,1,2,6000,1205000,1199000,239,1,4,3,12/20/2018,Attached,Yes,3670,,Colonial,70*125,8750
1008,1118,HARLEM,11,8,3,0,2,6000,660000,699000,140,0,4,2,12/21/2018,Attached,No,0,,Contemporary,70X144.81,10136.7
1009,1119,Indian,11,9,2,0,1,6000,667000,695000,136,0,3,2,12/22/2018,Attached,No,0,,Contemporary,85X135,11475
1010,1120,Juniper,11,6,2,0,1,6000,400000,425000,1,0,3,2,12/23/2018,Attached,No,0,,Ranch,70.35X132.91,9350.2185
1011,1121,Independence,11,12,4,0,2,6000,950000,969000,112,1,5,2,12/24/2018,Attached,Yes,0,,Colonial,153X69X145X65,10557
1012,1122,Wedel,11,12,2,0,1,6000,427500,439900,293,0,4,4,12/25/2018,Detached,No,0,,Ranch,75 X 126,9450
1013,1123,Greendale,11,10,4,0,2,6000,490000,550000,128,0,5,2,12/26/2018,Detached,No,0,,Contemporary,75 X 164 X 101 X 175,12300
1014,1124,Pine,11,9,4,0,2,6000,337000,359900,141,0,5,2,12/27/2018,Attached,No,0,,Other,12785,12785
1015,1125,Ironwood,11,6,2,0,1,6000,679900,679900,113,0,3,2,12/28/2018,Attached,No,2308,,Other,66X117X66X117,7722
1016,1126,Harms,11,8,2,1,2,6000,400000,439900,114,0,3,2,12/29/2018,Detached,No,0,,Other,120X80,9600
1017,1127,Ivy,11,11,3,1,2,6000,496000,569000,126,1,4,2,12/30/2018,Attached,Yes,0,,Colonial,71X135X66X135,9585
1018,1128,JOY,11,8,2,1,2,6000,507000,519900,122,0,4,2,12/31/2018,Attached,No,0,,Other,82X130X82X121,10660
1019,1129,Chatham,11,14,4,1,2,6000,1150000,1250000,307,0,4,3,1/1/2019,Attached,Yes,0,,Colonial,113 X 198 X 112 X 185,22374
1020,1240,Heritage,22,5,2,1,1,6000,1044929,899000,416,0,2,2,1/2/2019,Attached,No,0,,Ranch,50X71,3550
1021,1241,Heritage,22,6,3,0,1,6000,1409604,1234000,90,0,2,2,1/3/2019,Attached,No,2650,,Ranch,50X100,5000
1022,1242,Ridgewood,22,9,2,1,2,6000,549000,559000,368,0,3,4,1/4/2019,Detached,No,0,,Other,130X350X41X264,45500
1023,1243,Spruce,22,16,6,1,2,6000,1445000,1624900,371,0,6,4,1/5/2019,Attached,Yes,6500,3450,Other,129X297,38313
1024,1244,Lexington,22,9,3,1,2,6000,330000,330000,231,0,4,2,1/6/2019,Attached,Yes,0,,Bi-Level,47 X 197 X 155 X 174,9259
1025,1245,Tennyson,22,15,4,1,2,6000,1050000,1150000,271,0,6,3,1/7/2019,Attached,No,0,,Other,128X309X131X309,39552
1026,1246,Taylor,22,6,1,0,1,6000,137500,139900,243,0,2,2,1/8/2019,Detached,No,0,,Other,50X140,7000
1027,1247,Homewood,22,7,2,1,2,6000,745000,759000,184,0,4,2,1/9/2019,Attached,No,0,,Other,50X170,8500
1028,1248,RIDGE,22,8,2,0,2,6000,233750,279000,144,0,4,1,1/10/2019,Attached,No,0,552,Colonial,50 X 145 X 50 X 146,7250
1029,1249,Burton,22,9,1,0,1.5,6000,250000,289000,68,0,3,2.5,1/11/2019,Detached,No,1690,,Other,40 X 140,5600
1030,1250,Wildwood,22,10,4,1,2,6000,1067500,1150000,137,0,4,2,1/12/2019,Detached,Yes,0,,Other,80X209,16720
1031,1251,Lake,22,13,4,2,3,6000,1487500,1895000,152,0,5,2.5,1/13/2019,Detached,Yes,0,,Victorian,28136 SQFT,28136
1032,1252,Brittany,22,9,2,1,2,6000,660000,699000,215,0,4,2.5,1/14/2019,Attached,No,0,,Colonial,100X130X100X130,13000
1033,1253,Wildwood,22,11,4,2,2,6000,875000,925000,173,0,4,2,1/15/2019,Attached,Yes,0,1253,Tudor,"41,218","41,218"
1034,1254,PARK,22,11,3,0,2,6000,329000,329995,148,0,4,2,1/16/2019,Attached,No,2483,1174,Traditional,146X67,9782
1035,1255,Sunnyside,22,14,4,2,2,6000,1382500,1499000,61,1,4,3,1/17/2019,Attached,Yes,0,2627,Traditional,129 X 294,37926
1036,1256,Windsor,22,6,2,0,1.5,6000,286000,289000,132,0,3,0,1/18/2019,None,No,0,,Other,50 X 150,7500
1037,1257,YALE,22,10,2,1,1,6000,365625,399000,156,2,3,1,1/19/2019,Attached,Yes,0,,Ranch,50X150,7500
1038,1258,SUMAC,22,8,2,1,1,6000,260000,279900,127,0,3,2.5,1/20/2019,Detached,Yes,1360,1360,Ranch,49 X 166 X 50 X 166,8134
1039,1259,ANDEAN,22,8,2,0,1.5,6000,270000,309000,210,0,4,1,1/21/2019,Attached,No,0,,Bi-Level,50 X 153,7650
1040,1260,Prospect,22,10,4,2,2,6000,838513,979000,327,0,5,2,1/22/2019,Attached,Yes,4808,1900,Georgian,95 X 294 X 284 X 93,27930
1041,1371,Maple,33,7,2,0,1.5,6000,295000,319000,245,0,3,2,1/23/2019,Detached,Yes,0,,Other,50X130,6500
1042,1372,Foster,33,7,2,0,1.5,6000,232500,249900,133,0,3,1,1/24/2019,Detached,Yes,1671,,Bi-Level,7920 SQ FT,7920
1043,1373,School,33,8,2,0,2,6000,242000,249000,151,1,3,2,1/25/2019,Detached,Yes,0,,Bungalow,50X179,8950
1044,1374,HOFFMAN,33,9,2,1,2,6000,490000,529000,128,0,4,2.1,1/26/2019,Attached,No,0,,Colonial,66 X 121,7986
1045,1375,Arcadia,33,7,2,1,1.5,6000,295000,320000,135,1,3,2,1/27/2019,Detached,Yes,0,,Other,7504,7504
1046,1376,School,33,10,3,0,2,6000,536000,562900,460,1,4,2,1/28/2019,Attached,No,0,,Contemporary,45 X177,7965
1047,1377,Madison,33,8,3,0,1,6000,365000,379000,34,0,3,2.5,1/29/2019,Detached,Yes,0,,Ranch,50X132,6600
1048,1558,Indian Wells,51,12,4,1,2,6000,1000000,1100000,851,0,5,3,1/30/2019,Attached,No,,,Other,145.78X130.50X132.71X151.96X61.46,19024.29
1049,1559,Woodview,51,10,2,1,2,6000,1430744,1158400,2,0,3,2,1/31/2019,Attached,No,0,,Other,65.25X92.22X74.12X89.93,6017.355
1050,1560,Woodview,51,10,2,1,2,6000,1584743,1170400,7,0,3,2,2/1/2019,Attached,No,0,,Other,115X96.46X59.27X94.39,11092.9
1051,1561,2nd,51,7,1,1,1,6000,317000,349999,358,0,3,2,2/2/2019,Detached,No,0,,Ranch,100 X 297,29700
1052,1562,Church,51,6,1,0,1.5,6000,240000,274900,413,0,3,1,2/3/2019,Detached,No,0,,Other,57X138,7866
1053,1563,Timbers Edge,51,7,2,1,1,6000,906660,749900,2,0,3,2,2/4/2019,Attached,No,0,,Other,50X80,4000
1054,1564,Timbers Edge,51,8,2,1,2,6000,916586,829900,291,0,3,2,2/5/2019,Attached,No,0,,Other,50X80,4000
1055,1565,Sorrel,51,13,4,1,2,6000,1030000,1124900,280,1,4,3,2/6/2019,Attached,Yes,0,,Colonial,65X165,10725
1056,1566,Penfold,51,12,4,1,2,6000,1195900,1229900,54,1,4,3,2/7/2019,Attached,Yes,0,,Colonial,77 X 130 X 77 X 130,10010
1057,1567,The Court Of Hidden Bay,51,6,2,0,1,6000,358000,365000,120,0,3,2,2/8/2019,Attached,No,0,,Ranch,49X101,4949
1058,1568,WALTERS,51,9,2,1,2,6000,475000,499000,697,0,4,3,2/9/2019,Detached,No,0,,Farmhouse,55 X 170,9350
1059,1569,Kingsport,51,12,3,1,2,6000,739000,729000,200,0,4,2,2/10/2019,Attached,Yes,0,,Georgian,105X136,14280
1060,1570,Birch,51,7,2,1,2,6000,415000,499000,92,0,3,2,2/11/2019,Attached,No,0,,Other,173X116X220X68,20068
1061,1571,Techny,51,8,3,1,2,6000,599000,645000,282,0,4,3,2/12/2019,Attached,No,0,,Other,10075,10075
1062,1572,Killarney,51,8,2,1,1,6000,410000,425000,548,1,2,1,2/13/2019,Attached,Yes,0,,Ranch,50X128X130X146,6400
1063,1573,Charlemagne,51,10,2,1,2,6000,605000,629900,94,0,4,2,2/14/2019,Attached,No,0,,Colonial,90X135X110X65,12150
1064,1574,Royal Ridge,51,8,2,1,2,6000,825000,850000,124,0,3,2,2/15/2019,Attached,No,0,,Other,"4,216 SQ'",4216
1065,1575,Basswood,51,7,3,0,1.5,6000,540000,549900,24,0,2,2,2/16/2019,Attached,Yes,0,,Ranch,50 X 94 X 69 X 87,4700
1066,1576,Antique,51,9,2,1,2,6000,515000,545000,152,0,4,2,2/17/2019,Attached,No,0,,Colonial,85 X 139,11815
1067,1577,Lindenwood,51,6,2,0,1,6000,375000,395000,81,0,2,2,2/18/2019,Attached,No,0,,Ranch,68X86,5848
1068,1578,Grace,51,8,2,1,2,6000,485000,509000,148,0,4,2,2/19/2019,Attached,No,0,,Colonial,100 X 131 X 100 X 132,13100
1069,1579,Central,51,10,4,1,2,6000,575000,599900,181,0,5,2.5,2/20/2019,Attached,No,0,,Colonial,80 X 124 X 80 X 124,9920
1070,1580,Russett,51,8,2,1,2,6000,600000,625000,142,0,4,3,2/21/2019,Attached,No,0,,Colonial,85X129,10965
1071,1581,Windy Hill,51,12,5,1,2,6000,1112500,1199000,54,1,5,3,2/22/2019,Attached,Yes,0,,Other,100X149X102X125,14900
1072,1622,Floral,55,6,2,1,2,6000,697035,549000,146,0,3,2,2/23/2019,Attached,No,0,1000,Other,28X85,2380
1073,1623,Floral,55,6,2,1,2,6000,663844,589000,1,0,3,2,2/24/2019,Attached,No,0,,Other,28X85,2380
1074,1624,Floral,55,7,2,1,2,6000,656800,599000,1,0,3,2,2/25/2019,Attached,No,0,,Other,28X85,2380
1075,1625,DRAKE,55,9,3,0,1,6000,316000,319900,45,2,3,0,2/26/2019,None,Yes,0,,Other,40X160,6400
1076,1626,Harding,55,13,4,1,2,6000,645000,699900,177,2,5,3,2/27/2019,Attached,Yes,0,,Other,75 X 123,9225
1077,1627,Floral,55,8,2,1,2,6000,665000,695000,213,0,3,2,2/28/2019,Attached,No,0,,Contemporary,28.52X85,2424.2
1078,1628,Greenwood,55,10,2,1,1.5,6000,330000,339900,125,2,3,2,3/1/2019,Detached,Yes,0,,Other,59X125,7375
1079,1629,Golf,55,9,3,0,1,6000,255000,259900,173,0,4,2,3/2/2019,Detached,Yes,0,,Bungalow,45X125,5625
1080,1630,Kedvale,55,7,1,1,1,6000,302000,309000,126,0,3,0,3/3/2019,None,No,,,Ranch,60X131,7860
1081,1741,Forest,66,10,3,1,3,6000,833300,875000,125,0,6,2,3/4/2019,Detached,No,0,,Victorian,50X140,7000
1082,1742,Chestnut,66,10,2,1,2,6000,1010000,1084500,61,0,4,2.5,3/5/2019,Detached,Yes,0,,Colonial,75 X 181,13575
1083,1743,Greenleaf,66,13,4,1,2,6000,950000,989999,142,1,4,2,3/6/2019,Attached,Yes,4075,1735,Other,"7,476","7,476"
1084,1744,Lamon,66,11,4,1,3,6000,662500,699000,490,0,6,2,3/7/2019,Attached,No,0,,Other,60X132,7920
1085,1745,Laurel,66,8,2,1,2,6000,550000,549000,168,0,3,2,3/8/2019,Attached,No,0,,Colonial,50X224,11200
1086,1746,ASHLAND,66,12,4,1,3,6000,1572500,1595000,102,0,5,2,3/9/2019,Detached,Yes,0,,Traditional,60X176,10560
1087,1747,Sprucewood,66,9,3,0,2,6000,550000,588000,130,0,4,2,3/10/2019,Attached,No,0,,Contemporary,71 X 177,12567
1088,1858,Euclid Park,77,15,3,2,3,6000,1450000,1799000,285,0,6,2,3/11/2019,Attached,Yes,0,,Tudor,100 X 183,18300
1089,1859,Lee,77,6,1,1,1.5,6000,229900,229900,281,0,3,0,3/12/2019,None,No,0,,Tri-Level,44 X 125,5500
1090,1860,Edgemere,77,15,5,2,3,6000,1800000,2295000,204,0,6,4,3/13/2019,Detached,Yes,0,,Tudor,140 X 183,25620
1091,1861,Sheridan,77,10,4,1,2,6000,2230000,2350000,128,0,4,1,3/14/2019,Attached,No,0,,Other,9600 SQ. FT.,9600
1092,1862,Forestview,77,13,3,2,2,6000,1300000,1390000,98,0,5,2.5,3/15/2019,Detached,Yes,0,,Other,62.5 X 150.1,9381.25
1093,1863,Milburn,77,11,3,1,3,6000,770000,779000,120,0,6,3,3/16/2019,Detached,No,3016,1104,Traditional,50X188,9400
1094,1864,Hartrey,77,6,2,0,1,6000,255000,265000,163,0,3,2,3/17/2019,Detached,No,0,,Ranch,30 X 170,5100
1095,1905,Morse,81,10,4,2,1.5,6000,520000,575000,338,0,4,2,3/18/2019,Attached,Yes,4310,,Quad Level,95X132,12540
1096,1906,Crawford,81,7,2,0,1.5,6000,245001,249900,150,0,3,2,3/19/2019,Detached,Yes,0,,Other,50X118,5900
1097,1907,Keeler,81,9,2,0,3,6000,290000,325000,123,0,5,2,3/20/2019,Detached,No,0,,Cape Cod,65 X 123,7995
1098,1908,Lunt,81,7,2,0,1.5,6000,380000,389000,144,0,3,2,3/21/2019,Detached,Yes,0,,Other,45X125,5625